uid,gene,strand,taxa_name,species,genus,family,order,gene_info,x_umap,y_umap,z_umap,x_pca,y_pca,z_pca,variance,x_tsne,y_tsne,z_tsne
mAimeC,Pla2g2C,+,Ailuropoda melanoleuca,Ailuropoda melanoleuca,Ailuropoda,Ursidae,Carnivora,,9.305449,4.660548,5.6830125,0.12626684675212052,0.022314967081008382,-0.10713730824074512,,-6.7589693,4.904407,1.572729
mAimeF,Pla2g2F,-,Ailuropoda melanoleuca,Ailuropoda melanoleuca,Ailuropoda,Ursidae,Carnivora,,4.1151757,4.8499637,9.636468,0.0480025690683627,0.3987032021247129,0.16551983537583498,,2.6693742,15.030088,3.8808322
mAimeDb,Pla2g2D1,+,Ailuropoda melanoleuca,Ailuropoda melanoleuca,Ailuropoda,Ursidae,Carnivora,,7.5098,9.949592,9.180245,-0.06214898271549386,0.11945854291412723,-0.1306798040199879,,5.486486,1.5056393,1.9372412
mAimeDa,Pla2g2D1,+,Ailuropoda melanoleuca,Ailuropoda melanoleuca,Ailuropoda,Ursidae,Carnivora,,7.7587214,10.024825,9.304176,-0.06214898271549386,0.11945854291412723,-0.1306798040199879,,5.486486,1.5056393,1.9372412
mAimeV,Pla2g2V1,-,Ailuropoda melanoleuca,Ailuropoda melanoleuca,Ailuropoda,Ursidae,Carnivora,,,,,,,,,,,
mAimeE,Pla2g2E,+,Ailuropoda melanoleuca,Ailuropoda melanoleuca,Ailuropoda,Ursidae,Carnivora,,3.8500066,11.676712,8.987162,-0.006690115402920025,0.29859422490942894,-0.1364309502970517,,4.028677,6.0669165,7.5093856
mAifuE,Pla2g2E,-,Ailurus styani,Ailurus styani,Ailurus,Ailuridae,Carnivora,,4.4481254,11.337762,8.6317625,-0.05169513733716452,0.2567288067500469,-0.091077187357326,,3.8829427,6.013237,8.917922
mAifuV,Pla2g2V1,+,Ailurus styani,Ailurus styani,Ailurus,Ailuridae,Carnivora,,10.126664,12.235254,8.143762,-0.12648963723396411,-0.036130839817910224,-0.13312040514382217,,8.777253,-5.1465077,0.46727264
mAifuD,Pla2g2D1,-,Ailurus styani,Ailurus styani,Ailurus,Ailuridae,Carnivora,,7.9203315,10.170006,9.298845,-0.08574250882633404,0.09581591692524777,-0.11829271510614775,,5.4481215,1.1085627,2.6937768
mAifuF,Pla2g2F,+,Ailurus styani,Ailurus styani,Ailurus,Ailuridae,Carnivora,,3.4994779,5.382896,10.408706,0.14225043109258784,0.4636104449277226,0.1669071703690276,,2.304511,15.355068,0.96561456
mAifuC,Pla2g2C,-,Ailurus styani,Ailurus styani,Ailurus,Ailuridae,Carnivora,,9.842719,4.177291,5.5188932,0.12657679668582045,0.09532327989655319,-0.1329191707788956,,-5.9850373,6.325158,1.0143212
cAlmiC,Pla2g2C,+,Alligator mississippiensis,Alligator mississippiensis,Alligator,Alligatoridae,Crocodylia,,8.493436,10.187245,3.6071076,-0.14281231078575235,-0.3732046715915447,0.05385001725244403,,-3.312772,-10.4129505,-1.592745
cAlmiD3,Pla2g2D3,+,Alligator mississippiensis,Alligator mississippiensis,Alligator,Alligatoridae,Crocodylia,,10.46923,9.324748,5.6732903,-0.15658063219350804,-0.3227824241891295,0.04561301103582038,,2.7896438,-7.6573567,-4.8360686
cAlmiD1,Pla2g2D1,+,Alligator mississippiensis,Alligator mississippiensis,Alligator,Alligatoridae,Crocodylia,,7.8458347,7.273015,5.6087646,0.015234578726476366,-0.08447260356724205,0.10012282096079732,,-5.753683,0.3378383,-4.6370645
cAlmiE,Pla2g2E,+,Alligator mississippiensis,Alligator mississippiensis,Alligator,Alligatoridae,Crocodylia,(no exon 1),6.9018784,9.552725,6.9321117,-0.04753242154514406,0.15443779173568534,0.0023695236061117547,,-2.0383525,-0.5990147,4.0302496
cAlsiD1,Pla2g2D1,-,Alligator sinensis,Alligator sinensis,Alligator,Alligatoridae,Crocodylia,(assembly gap exon 4 no exon 1),,,,,,,,,,
cAlsiD3,Pla2g2D3,-,Alligator sinensis,Alligator sinensis,Alligator,Alligatoridae,Crocodylia,,10.381741,9.531287,5.7945714,-0.17021702500985733,-0.28800836839361665,0.0386474536984704,,2.7649848,-7.6832047,-4.774828
cAlsiC,Pla2g2C,-,Alligator sinensis,Alligator sinensis,Alligator,Alligatoridae,Crocodylia,,8.230271,9.557551,3.4061742,-0.12950991082201008,-0.30131225146005935,0.09502468968390615,,-4.199791,-8.723618,-0.7748175
bAnplC,Pla2g2C,+,Anas platyrhynchos platyrhynchos,Anas platyrhynchos,Anas,Anatidae,Anseriformes,(no first exon),9.197302,7.7653437,7.2329917,-0.09441567546025911,-0.007882175966311645,0.001464465339741682,,2.353466,-1.3651342,-4.47655
bAnplD,Pla2g2D3,+,Anas platyrhynchos platyrhynchos,Anas platyrhynchos,Anas,Anatidae,Anseriformes,,10.808022,10.453793,6.310965,-0.09375010646199206,-0.26373388094958516,-0.13649487229043744,,4.8249083,-10.327865,-1.7289741
bAnplB,Pla2g2B,+,Anas platyrhynchos platyrhynchos,Anas platyrhynchos,Anas,Anatidae,Anseriformes,,3.749337,7.199572,7.7783017,2.397343290657428,-0.42953075700377413,1.0877014608481566,,-2.6995387,9.805628,0.9574624
bAnplE,Pla2g2E,+,Anas platyrhynchos platyrhynchos,Anas platyrhynchos,Anas,Anatidae,Anseriformes,(no first exon),7.2682824,10.331066,4.2460423,-0.13244987283014148,-0.2153321902369616,-0.0004102784431430336,,-2.5369284,-8.244833,3.0141432
bAncyE,Pla2g2E,-,Anser cygnoid,Anser cygnoid,Anser,Anatidae,Anseriformes,,7.3481135,9.583735,4.7308054,-0.1596744063670415,-0.08033122042679527,0.06363387867672161,,-3.8082452,-6.035355,0.23974526
bAncyB,Pla2g2B,-,Anser cygnoid,Anser cygnoid,Anser,Anatidae,Anseriformes,,3.67027,7.241257,7.7864156,2.327828940955423,-0.4416048604984617,1.0267572563143463,17.330860684931316,-2.7011356,9.803432,0.9572294
bAncyD,Pla2g2D3,-,Anser cygnoid,Anser cygnoid,Anser,Anatidae,Anseriformes,,10.68217,10.64025,6.00068,-0.12625395945940368,-0.35617031827562895,-0.13115088831053676,,4.4169636,-10.551585,-1.7251899
bAncyC,Pla2g2C,-,Anser cygnoid,Anser cygnoid,Anser,Anatidae,Anseriformes,(no exon 1),9.336103,7.602332,7.4347234,-0.08037944614208598,0.002264990495243236,0.00719895200165221,10.58759820172764,2.5769656,-1.28157,-4.4080334
bApfoE,Pla2g2E,-,Aptenodytes forsteri,Aptenodytes forsteri,Aptenodytes,Spheniscidae,Sphenisciformes,(no exon 1),7.01637,10.225873,4.9008126,-0.15169000991034454,-0.063366094100241,-0.044541430173631415,,-2.1419146,-6.9862256,3.1672962
bApfoB,Pla2g2B,-,Aptenodytes forsteri,Aptenodytes forsteri,Aptenodytes,Spheniscidae,Sphenisciformes,,2.5675235,7.2342625,7.6298933,0.8496167549312206,-0.43806359463885103,-0.5496451479329971,,-6.837481,11.025973,0.6539082
bApfoD,Pla2g2D3,-,Aptenodytes forsteri,Aptenodytes forsteri,Aptenodytes,Spheniscidae,Sphenisciformes,,10.196545,10.1654625,6.317545,-0.10072576110974003,-0.19180887693659582,-0.10896660524146586,,4.5666375,-8.863803,-2.2445676
bApfoC,Pla2g2C,-,Aptenodytes forsteri,Aptenodytes forsteri,Aptenodytes,Spheniscidae,Sphenisciformes,,9.05151,7.703633,6.8180885,-0.09779241253806167,-0.07965548326742185,0.025323364436346633,,1.296413,-1.9499636,-3.7036636
bApauC,Pla2g2C,+,Apteryx mantelli mantelli,Apteryx mantelli,Apteryx,Apterygidae,Apterygiformes,,9.243265,7.782376,7.350422,-0.041705771583557844,-0.07366728193150472,0.008167879970193675,,0.9898661,-1.1852212,-4.8425837
bAqchB,Pla2g2B,-,Aquila chrysaetos canadensis,Aquila chrysaetos,Aquila,Accipitridae,Accipitriformes,,2.6833012,7.26931,7.2678547,0.8364277932512382,-0.46556913481536166,-0.5622977259525994,,-6.6146374,10.371073,0.511474
bAqchD,Pla2g2D3,-,Aquila chrysaetos canadensis,Aquila chrysaetos,Aquila,Accipitridae,Accipitriformes,,10.705639,10.514965,6.4383407,-0.14343241165920556,-0.2635825125617164,-0.1174693461823035,,3.9547346,-9.124617,-1.7951885
bAqchC,Pla2g2C,-,Aquila chrysaetos canadensis,Aquila chrysaetos,Aquila,Accipitridae,Accipitriformes,,8.935653,7.528521,7.3566008,-0.059369091046595414,0.035516135834482244,-0.003234047412831179,,1.4705752,-0.43958163,-3.4387357
bBareC,Pla2g2C,+,Balearica regulorum gibbericeps,Balearica regulorum,Balearica,Gruidae,Gruiformes,,9.148533,7.7868624,7.217414,-0.07625958076781342,-0.014576610832148324,0.023990514308076628,,1.4383458,-0.89701587,-4.1089735
bBareD,Pla2g2D3,+,Balearica regulorum gibbericeps,Balearica regulorum,Balearica,Gruidae,Gruiformes,,10.663299,10.143047,6.6267066,-0.0783288354408246,-0.19159980195971485,-0.11127525562695341,,4.7936497,-7.6580667,-1.9490092
bBareB,Pla2g2B,+,Balearica regulorum gibbericeps,Balearica regulorum,Balearica,Gruidae,Gruiformes,,2.756138,6.9777455,7.426035,0.7917972547258333,-0.374243580045988,-0.5777037397662536,,-7.5830607,10.750546,0.95519954
bBareE,Pla2g2E,+,Balearica regulorum gibbericeps,Balearica regulorum,Balearica,Gruidae,Gruiformes,,7.157917,9.761973,5.32192,-0.07726623238962733,-0.07219915452722774,-0.05858540039010923,,-0.7771667,-5.8136826,2.9170382
mBibiE,Pla2g2E,-,Bison bison bison,Bison bison,Bison,Bovidae,Artiodactyla,,4.638193,11.772689,8.768523,-0.02683012642413828,0.20948040915079877,-0.13290952104993597,,4.835971,5.2166724,8.283631
mBibiA2,Pla2g2A,-,Bison bison bison,Bison bison,Bison,Bovidae,Artiodactyla,,7.534602,9.258125,5.2461147,-0.1363264449860834,-0.08985212818786202,-0.0233401482006526,,-1.9211282,-5.0871825,0.91161585
mBibiA3,Pla2g2A,-,Bison bison bison,Bison bison,Bison,Bovidae,Artiodactyla,,7.944004,8.436669,5.6774516,-0.047205078482599874,0.06402400418248023,0.05133760492513798,,-2.4114287,-2.6125548,-1.8168532
mBibiA4,Pla2g2A,-,Bison bison bison,Bison bison,Bison,Bovidae,Artiodactyla,,8.236039,9.912917,5.5242705,-0.10797816979036368,-0.09565832715189988,-0.05953546570101048,,0.34028372,-6.4513817,-0.15367375
mBibiDa,Pla2g2D1,-,Bison bison bison,Bison bison,Bison,Bovidae,Artiodactyla,(alternative splicing possible),7.1846585,10.422267,8.125973,-0.048421242219994116,0.11678498220874668,-0.006308552833732633,,1.174948,1.0210426,1.5505174
mBibiDb,Pla2g2D1,-,Bison bison bison,Bison bison,Bison,Bovidae,Artiodactyla,(alternative splicing possible),6.9006124,10.369934,8.227749,-0.053639451045010327,0.21582261583387863,-0.016498126436237465,,1.9514815,0.39510998,1.3509263
mBibiF,Pla2g2F,+,Bison bison bison,Bison bison,Bison,Bovidae,Artiodactyla,(truncated assembly gap),4.5065036,5.1711783,9.324485,-0.02936868356962193,0.28097917797344163,0.15727357733407613,,2.1044376,13.927792,4.5029345
mBibiC,Pla2g2C,-,Bison bison bison,Bison bison,Bison,Bovidae,Artiodactyla,,9.61261,4.086295,6.165049,0.11204370858518782,0.10905255081211576,-0.0716043524860316,,-4.8451805,5.8773127,0.5684687
sBocoGo,Pla2g2G0,-,Boa constrictor constrictor,Boa constrictor,Boa,Boidae,Squamata,,10.601657,6.826007,3.8425078,-0.1475882646146528,-0.12019121756688914,0.3164235569229992,,-7.2166615,-5.2408404,-7.8749633
sBocoD,Pla2g2D1,+,Boa constrictor constrictor,Boa constrictor,Boa,Boidae,Squamata,(no exon 1),10.083811,9.789234,5.367874,-0.15739980093656794,-0.32886790601694943,0.04169860656702656,,1.6589462,-9.156462,-2.129159
sBocoE,Pla2g2E,+,Boa constrictor constrictor,Boa constrictor,Boa,Boidae,Squamata,(no exon 1),5.303112,8.278807,10.1283655,0.15430281898237128,0.2623791215764572,-0.1375077171957514,,1.9580193,6.7968025,2.9859364
sBocoF,Pla2g2F,+,Boa constrictor constrictor,Boa constrictor,Boa,Boidae,Squamata,,6.1667356,6.8761816,7.5612755,0.033985382737480016,0.11374096162486302,-0.13217214087135176,,-0.13094819,5.6883554,-4.883797
mBotaC,Pla2g2C,+,Bos taurus,Bos taurus,Bos,Bovidae,Artiodactyla,,9.25503,4.024522,6.0554724,0.10911758909211236,0.10480419413553532,-0.06971261142405392,,-4.6285114,5.529158,0.7842672
mBotaF,Pla2g2F,-,Bos taurus,Bos taurus,Bos,Bovidae,Artiodactyla,,4.2812233,4.905,9.417482,0.00465710935640625,0.350544188409342,0.18147239470428297,,1.9111228,14.476723,3.8473735
mBotaDb,Pla2g2D1,+,Bos taurus,Bos taurus,Bos,Bovidae,Artiodactyla,,6.994806,10.168011,8.463112,-0.013901165860586527,0.10747946819232593,-0.06270759925674889,,2.309111,1.1001284,0.3906427
mBotaDa,Pla2g2D1,+,Bos taurus,Bos taurus,Bos,Bovidae,Artiodactyla,,7.365529,10.439539,8.012142,-0.012479390876213284,0.11408943157846413,-0.06093842280218518,,1.0291325,1.1692464,1.5378689
mBotaV,Pla2g2V1,-,Bos taurus,Bos taurus,Bos,Bovidae,Artiodactyla,,9.623404,12.24893,7.644231,-0.14656933189791607,0.057162431695973286,-0.13238479199556585,,8.843496,-4.776454,1.6469128
mBotaA5,Pla2g2A,+,Bos taurus,Bos taurus,Bos,Bovidae,Artiodactyla,,8.149101,7.332945,4.5458517,0.21956313571571523,-0.13195381883351162,-0.03526778542714903,,-7.8576617,-0.4962071,-1.624219
mBotaA3,Pla2g2A,+,Bos taurus,Bos taurus,Bos,Bovidae,Artiodactyla,,7.3891544,9.305785,5.1529746,-0.1363264449860834,-0.08985212818786202,-0.0233401482006526,,-1.9211208,-5.0871468,0.9116825
mBotaA,Pla2g2A,+,Bos taurus,Bos taurus,Bos,Bovidae,Artiodactyla,,7.96846,8.647623,5.4876165,-0.0911943068647694,-0.005487911598811651,0.06279135978447367,,-2.4595866,-2.7522123,-1.8676308
mCaluC,Pla2g2C,+,Canis lupus familiaris,Canis lupus,Canis,Canidae,Carnivora,,9.969651,4.6210356,5.549723,0.12592134688844348,0.033044016714541914,-0.10471649206826882,,-5.7934227,4.790164,1.329045
mCaluF,Pla2g2F,-,Canis lupus familiaris,Canis lupus,Canis,Canidae,Carnivora,,3.6555614,5.183162,10.102991,0.1038460318016859,0.43754370394010206,0.185346573085541,,2.4917786,15.8088455,1.5562154
mCaluD1,Pla2g2D1,+,Canis lupus familiaris,Canis lupus,Canis,Canidae,Carnivora,,,,,,,,,,,
mCaluV,Pla2g2V1,-,Canis lupus familiaris,Canis lupus,Canis,Canidae,Carnivora,,10.489661,11.989892,7.928979,-0.1440538851619425,-0.08158326971276708,-0.11940788395096041,,8.21527,-5.8441916,0.24444655
mCaluE,Pla2g2E,+,Canis lupus familiaris,Canis lupus,Canis,Canidae,Carnivora,,4.082483,11.251608,9.003235,0.021639746424894604,0.3062848933938522,-0.1941860135647505,,5.1502047,5.9460883,6.576764
mCahiE,Pla2g2E,-,Capra hircus,Capra hircus,Capra,Bovidae,Artiodactyla,,4.453449,12.016425,8.93672,-0.011066624314358217,0.20211475915441565,-0.15358545074424007,,5.71062,5.045284,7.8854513
mCahiA,Pla2g2A,-,Capra hircus,Capra hircus,Capra,Bovidae,Artiodactyla,,8.453092,8.414711,5.1339426,-0.05980752699554183,-0.048934134561255775,0.08123338486259324,,-3.0915277,-2.8828876,-2.4767005
mCahiA2,Pla2g2A,-,Capra hircus,Capra hircus,Capra,Bovidae,Artiodactyla,,7.594731,8.967563,4.79495,-0.11300769848189174,-0.16521277551113217,-0.0037735241433587267,,-2.9434628,-5.002927,1.267127
mCahiA4,Pla2g2A,-,Capra hircus,Capra hircus,Capra,Bovidae,Artiodactyla,,8.144648,6.9677935,4.7474337,0.41260022248214634,-0.21541369498400476,-0.09705209771939471,,-7.859161,-0.47101706,-1.6195884
mCahiA5,Pla2g2A,-,Capra hircus,Capra hircus,Capra,Bovidae,Artiodactyla,,5.7527957,7.395281,8.141841,0.10426714423676031,0.07048689447792804,0.047315831692330515,,1.4329041,6.906721,-2.1915822
mCahiV,Pla2g2V1,+,Capra hircus,Capra hircus,Capra,Bovidae,Artiodactyla,,9.857331,12.218496,7.866681,-0.11977673953690256,-0.03810673215231708,-0.1513159770586689,,9.014252,-5.778597,1.6462444
mCahiDa,Pla2g2D1,-,Capra hircus,Capra hircus,Capra,Bovidae,Artiodactyla,,7.0789385,9.995524,8.342224,-0.05728814682894816,0.14633838911527158,-0.003059838805656437,,2.365568,0.34545454,0.8598566
mCahiDb,Pla2g2D1,-,Capra hircus,Capra hircus,Capra,Bovidae,Artiodactyla,,7.5506363,10.176989,8.373707,-0.09497002904769647,0.041699287298128135,-0.06255185145608329,,2.9902015,-0.18133323,1.3679476
mCahiF,Pla2g2F,+,Capra hircus,Capra hircus,Capra,Bovidae,Artiodactyla,,4.352203,5.237069,10.090822,0.05041305618821022,0.4129632312526079,0.06755159035334579,,1.853008,13.3263,2.668133
mCahiC,Pla2g2C,-,Capra hircus,Capra hircus,Capra,Bovidae,Artiodactyla,(no exon 1),9.77722,4.2391157,6.1446924,0.10117511010977037,0.08707818614289461,-0.04564784367709267,,-4.908183,4.8005075,0.35268462
cChmyD1,Pla2g2D1,-,Chelonia mydas,Chelonia mydas,Chelonia,Cheloniidae,Testudines,,7.6882405,9.321525,6.1671987,-0.14501652514944155,-0.04496223283904207,0.003161441833425125,,0.53036344,-3.7635055,-0.24561495
cChmyD3,Pla2g2D3,-,Chelonia mydas,Chelonia mydas,Chelonia,Cheloniidae,Testudines,,9.666527,8.746756,5.268229,-0.10785165559161647,-0.24360369629888654,0.08923747006732072,,0.7188963,-6.495409,-4.3438883
cChmyF,Pla2g2F,+,Chelonia mydas,Chelonia mydas,Chelonia,Cheloniidae,Testudines,,7.646539,6.605219,6.548134,-0.06548816898614307,-0.0943665637827946,0.03297563988899885,,-2.2873306,1.0938512,-3.412169
mChlaE,Pla2g2E,-,Chinchilla lanigera,Chinchilla lanigera,Chinchilla,Chinchillidae,Rodentia,(no exon 1),4.1489797,11.773462,8.73617,0.005055652114056657,0.2287949757767428,-0.05697084096542851,,4.843699,5.165,9.801588
mChlaA2,Pla2g2A,-,Chinchilla lanigera,Chinchilla lanigera,Chinchilla,Chinchillidae,Rodentia,,5.4283905,7.2937427,8.537635,0.15966189381605864,0.21654774429369678,0.04638414758299463,,1.4309576,7.3138003,-1.4495906
mChlaA3,Pla2g2A,-,Chinchilla lanigera,Chinchilla lanigera,Chinchilla,Chinchillidae,Rodentia,,7.2223263,9.981927,3.9186876,-0.1672003803887085,-0.21346086889381863,0.10345427998944061,,-4.623335,-7.890645,1.9743681
mChlaA4,Pla2g2A,-,Chinchilla lanigera,Chinchilla lanigera,Chinchilla,Chinchillidae,Rodentia,,7.9791074,9.979674,3.1740477,-0.1513949941569129,-0.3477664423264584,0.01953674828936289,,-4.0071363,-9.540137,0.37645695
mChlaV,Pla2g2V1,+,Chinchilla lanigera,Chinchilla lanigera,Chinchilla,Chinchillidae,Rodentia,,10.017542,12.109852,8.111725,-0.14406938053429008,-0.007389841041890442,-0.09918779606998944,,8.116244,-4.667415,0.11401565
mChlaD,Pla2g2D1,-,Chinchilla lanigera,Chinchilla lanigera,Chinchilla,Chinchillidae,Rodentia,,6.785927,8.919894,9.320933,0.07314737490163432,0.19307430724887847,-0.1310025595491916,,4.2080297,4.591179,0.8530501
mChlaF,Pla2g2F,+,Chinchilla lanigera,Chinchilla lanigera,Chinchilla,Chinchillidae,Rodentia,,3.9794905,5.5218573,9.641253,0.13998273884828782,0.40017272824405314,0.13539100813088842,,0.27691787,15.207861,1.6492611
mChlaC,Pla2g2C,-,Chinchilla lanigera,Chinchilla lanigera,Chinchilla,Chinchillidae,Rodentia,(no exon 1),9.714653,4.733676,5.9763823,0.08445395018373741,0.023991893203733836,-0.0630497681251795,,-5.170469,3.863279,1.1087242
bChmaE,Pla2g2E,-,Chlamydotis macqueenii,Chlamydotis macqueenii,Chlamydotis,Otididae,Gruiformes,,6.933542,10.450165,4.379858,-0.032384973149055085,-0.0981698355217036,-0.026220906560540606,,-2.7871628,-7.249962,4.025566
bChmaB,Pla2g2B,-,Chlamydotis macqueenii,Chlamydotis macqueenii,Chlamydotis,Otididae,Gruiformes,,2.6717305,7.0887046,7.628573,0.8254055235162524,-0.3347121142994369,-0.6216646374904686,,-7.39529,10.330439,0.62265414
bChmaD,Pla2g2D3,-,Chlamydotis macqueenii,Chlamydotis macqueenii,Chlamydotis,Otididae,Gruiformes,,10.368186,10.276791,6.671218,-0.10209778467809696,-0.21773474248503882,-0.1259526499331386,,5.054439,-8.515553,-1.707454
bChmaC,Pla2g2C,-,Chlamydotis macqueenii,Chlamydotis macqueenii,Chlamydotis,Otididae,Gruiformes,,8.823191,7.4723754,7.439644,-0.0019523829806463702,0.06479825320307908,-0.009744509178368782,,1.4687369,0.36882517,-4.1644363
cChpiD1,Pla2g2D1,-,Chrysemys picta bellii,Chrysemys picta,Chrysemys,Emydidae,Testudines,,7.8626957,9.341719,5.9306917,-0.1497615931406319,-0.10699202257286447,0.017562259760055852,,0.5154253,-3.8743281,-0.35473368
cChpiD2,Pla2g2D2,-,Chrysemys picta bellii,Chrysemys picta,Chrysemys,Emydidae,Testudines,,8.007552,9.479426,5.2721934,-0.13840024788043806,-0.12180020000891456,-0.009027391320919747,,-1.2448171,-7.068864,-0.09318373
cChpiD3,Pla2g2D3,-,Chrysemys picta bellii,Chrysemys picta,Chrysemys,Emydidae,Testudines,(no exon 1),10.658718,8.579368,4.881272,-0.12487157481791804,-0.12206250151384876,0.15214790622024818,,-0.71869737,-6.6398263,-7.493787
cChpiF,Pla2g2F,+,Chrysemys picta bellii,Chrysemys picta,Chrysemys,Emydidae,Testudines,(no exon 1),8.052807,6.7557573,6.6675076,-0.06913062680204712,-0.018417296578949888,0.09966048154274,,-2.1284122,0.93960696,-3.4395504
mCocrE,Pla2g2E,-,Condylura cristata,Condylura cristata,Condylura,Talpidae,Eulipotyphla,,4.06758,11.836063,8.348009,-0.02838619333216254,0.30606778951848634,-0.0752284016976792,,5.0056624,7.2253404,8.324738
mCocrA2,Pla2g2A,+,Condylura cristata,Condylura cristata,Condylura,Talpidae,Eulipotyphla,,7.7054443,9.728254,3.0529196,-0.14934080192269636,-0.3148530233405908,0.09236555608681633,,-5.604023,-9.3918495,-0.10348432
mCocrA3,Pla2g2A,-,Condylura cristata,Condylura cristata,Condylura,Talpidae,Eulipotyphla,,7.778059,9.149546,3.5652492,-0.1143371125010025,-0.23306072891852192,0.10288782788836791,,-5.906962,-9.2747755,-0.2672346
mCocrV,Pla2g2V1,+,Condylura cristata,Condylura cristata,Condylura,Talpidae,Eulipotyphla,,10.409543,12.926969,8.183487,-0.16337604097437247,-0.1231926717722465,-0.1240891998573605,,9.763238,-6.897925,-0.4426447
mCocrD,Pla2g2D1,-,Condylura cristata,Condylura cristata,Condylura,Talpidae,Eulipotyphla,,7.5958557,9.365464,8.943379,-0.042523725823981944,0.11719473574286246,-0.10555107011027297,,6.2509837,1.3885592,0.6943935
mCocrF,Pla2g2F,+,Condylura cristata,Condylura cristata,Condylura,Talpidae,Eulipotyphla,,3.4582,4.941838,10.081862,0.13511037908632828,0.45457118170970023,0.13949191863047752,,1.6099988,14.396356,1.435493
bCocoD,Pla2g2D3,+,Corvus cornix cornix,Corvus cornix,Corvus,Corvidae,Passeriformes,,10.599877,10.669247,6.788921,-0.10172280000720085,-0.12687068890810413,-0.19094931571581938,,6.457516,-9.130412,-1.5544634
bCocoE,Pla2g2E,+,Corvus cornix cornix,Corvus cornix,Corvus,Corvidae,Passeriformes,,7.532019,10.812649,3.3238435,-0.16264243802526107,-0.41274017514994193,0.038516105814991396,,-3.3967116,-10.562264,2.65301
cCrpoE,Pla2g2E,-,Crocodylus porosus,Crocodylus porosus,Crocodylus,Crocodylidae,Crocodylia,(no exon 1),6.8821507,9.654298,6.765729,-0.08112021493675796,0.13101599547550113,0.028215832491318444,,-2.0365791,-0.60564923,4.025563
cCrpoD1,Pla2g2D1,-,Crocodylus porosus,Crocodylus porosus,Crocodylus,Crocodylidae,Crocodylia,,8.076317,7.376844,5.314909,0.000433925510943473,-0.0447440277536223,0.1323179029209398,,-5.7515655,0.32642132,-4.6535482
cCrpoD3,Pla2g2D3,-,Crocodylus porosus,Crocodylus porosus,Crocodylus,Crocodylidae,Crocodylia,,10.6090555,9.680866,5.8052435,-0.16422719927070048,-0.349421059361995,0.02003985870502811,,3.3852286,-7.7355514,-4.813727
cCrpoC,Pla2g2C,-,Crocodylus porosus,Crocodylus porosus,Crocodylus,Crocodylidae,Crocodylia,(no exon 1),8.564939,10.156137,3.3892546,-0.1119183544070356,-0.3744326529616252,0.06500234303619065,,-3.3326468,-10.532362,-1.6696357
sCradE,Pla2g2E,-,Crotalus adamanteus,Crotalus adamanteus,Crotalus,Viperidae,Squamata,,4.9278736,8.1642685,10.0868,0.17080404705237506,0.3148588291776286,-0.13253700001475643,,3.0734372,8.246925,2.0731213
sCradGc,Pla2g2Gc,-,Crotalus adamanteus,Crotalus adamanteus,Crotalus,Viperidae,Squamata,,10.069658,7.2406745,4.6443453,-0.13427792769970964,-0.0972584019313431,0.18839892397415337,,-4.8479576,-4.8120265,-6.9104986
sCradGa,Pla2g2Ga,+,Crotalus adamanteus,Crotalus adamanteus,Crotalus,Viperidae,Squamata,,11.302029,8.492194,3.5176296,-0.17278054284423305,-0.048275168188423576,0.23468808066789484,,-3.6669908,-7.171794,-8.685832
sCradD,Pla2g2D1,-,Crotalus adamanteus,Crotalus adamanteus,Crotalus,Viperidae,Squamata,,9.23343,10.365799,7.7056527,0.0808694005656342,0.009830538585636707,-0.2658364152911504,,4.8428955,-8.15742,3.0005147
sCradF,Pla2g2F,+,Crotalus adamanteus,Crotalus adamanteus,Crotalus,Viperidae,Squamata,,6.5958157,6.0618534,7.4871354,0.012509335962852813,0.0725069880974467,0.010090454339151983,,-1.6172584,4.468982,-4.424103
sCratE,Pla2g2E,-,Crotalus atrox,Crotalus atrox,Crotalus,Viperidae,Squamata,,5.021682,7.9428396,10.238268,0.1649171427770068,0.2963864288797868,-0.13020879751452777,,2.7119167,7.6832857,2.0488148
sCratGb,Pla2g2Gb,-,Crotalus atrox,Crotalus atrox,Crotalus,Viperidae,Squamata,,10.107703,8.159118,4.6425176,-0.16944111173852314,-0.13624515197308373,0.14449603650586165,,-2.3144968,-5.4089966,-5.778634
sCratGk49,Pla2g2Gk,-,Crotalus atrox,Crotalus atrox,Crotalus,Viperidae,Squamata,,9.596928,7.3313646,4.0330076,-0.11368075198197626,-0.18462866632172026,0.2390721984614243,,-6.222101,-3.3954265,-4.8294163
sCratGc,Pla2g2Gc,-,Crotalus atrox,Crotalus atrox,Crotalus,Viperidae,Squamata,,10.200988,7.3229666,4.542278,-0.14450749352849065,-0.10854916330270513,0.2070708725255929,,-5.0567927,-4.6559434,-6.878358
sCratGa,Pla2g2Ga,+,Crotalus atrox,Crotalus atrox,Crotalus,Viperidae,Squamata,,11.442378,8.313081,3.737161,-0.1639555879865407,-0.008186153569232036,0.22593186285674108,,-3.1860247,-7.4957585,-8.858403
sCratF,Pla2g2F,+,Crotalus atrox,Crotalus atrox,Crotalus,Viperidae,Squamata,,6.436147,6.3869195,7.4735856,0.012119969539286655,0.053757016186461413,-0.0019062871986706234,,-0.89388937,4.126398,-5.1662188
sCrheAE,Pla2g2E,-,Crotalus oreganus helleri,Crotalus oreganus,Crotalus,Viperidae,Squamata,,4.799865,8.30576,9.9584875,0.1648206052974189,0.3323391379688674,-0.13367514689057472,,3.750198,7.786429,3.041356
sCrheAGb,Pla2g2Gb,-,Crotalus oreganus helleri,Crotalus oreganus,Crotalus,Viperidae,Squamata,,10.387155,8.558809,5.0386877,-0.15666341215043025,-0.2301350640631222,0.11477585206379216,,-0.38949198,-5.883374,-6.351039
sCrheAGc1,Pla2g2Gc,-,Crotalus oreganus helleri,Crotalus oreganus,Crotalus,Viperidae,Squamata,(no first exon),10.362074,7.0708284,4.099605,-0.13226697453865188,-0.025494835678956888,0.2275731879791866,,-5.739366,-5.3450146,-7.316029
sCrheAGa1,Pla2g2Ga,+,Crotalus oreganus helleri,Crotalus oreganus,Crotalus,Viperidae,Squamata,,11.167818,7.5075297,3.547457,-0.040849303866942605,-0.12368092951439578,0.2462074959110013,,-6.075882,-7.7060075,-9.828063
sCrheAGc2,Pla2g2Gc,-,Crotalus oreganus helleri,Crotalus oreganus,Crotalus,Viperidae,Squamata,(pseudogenised exon 2),,,,,,,,,,
sCrheAGa2,Pla2g2Ga,+,Crotalus oreganus helleri,Crotalus oreganus,Crotalus,Viperidae,Squamata,,11.174002,8.269328,4.373554,-0.13546046896361644,-0.01853134161316584,0.16934025144524595,,-2.5684724,-6.896624,-8.517349
sCrheAF,Pla2g2F,+,Crotalus oreganus helleri,Crotalus oreganus,Crotalus,Viperidae,Squamata,,6.5368805,6.059741,7.247511,0.012119969539286655,0.053757016186461413,-0.0019062871986706234,,-1.0972335,4.0947433,-4.6352677
sCrheBF,Pla2g2F,-,Crotalus oreganus helleri,Crotalus oreganus,Crotalus,Viperidae,Squamata,,6.6069026,6.2246304,7.256476,0.0012555977200970562,0.05908568767729054,0.027981367500219352,,-1.9345163,3.8086772,-4.925691
sCrheBGa1,Pla2g2Ga,-,Crotalus oreganus helleri,Crotalus oreganus,Crotalus,Viperidae,Squamata,,11.338061,8.181656,3.5960608,-0.17278054284423305,-0.048275168188423576,0.23468808066789484,,-3.6669908,-7.171794,-8.685832
sCrheBE,Pla2g2E,+,Crotalus oreganus helleri,Crotalus oreganus,Crotalus,Viperidae,Squamata,,4.6028495,7.9186335,10.086322,0.17278926579954143,0.33072963473955796,-0.12638787216349148,,3.3517892,8.48966,2.5866349
sCrhoAF,Pla2g2F,-,Crotalus horridus,Crotalus horridus,Crotalus,Viperidae,Squamata,,6.4117055,6.5538964,6.806259,-0.01326813820768245,0.03769818417696737,0.02063297532460145,,-1.3978684,4.2981586,-5.8319964
sCrhoAGa2,Pla2g2Ga,-,Crotalus horridus,Crotalus horridus,Crotalus,Viperidae,Squamata,,11.208068,8.292487,3.8597603,-0.16680551209945332,-0.052694246281613996,0.2311339095403014,,-3.420781,-6.953748,-9.130185
sCrhoAGb,Pla2g2Gb,-,Crotalus horridus,Crotalus horridus,Crotalus,Viperidae,Squamata,,10.34655,8.657854,5.077761,-0.1672311729817062,-0.20996390829364917,0.11905149226752887,,-0.37007916,-5.9458055,-6.5553126
sCrhoAGc1,Pla2g2Gc,-,Crotalus horridus,Crotalus horridus,Crotalus,Viperidae,Squamata,,10.168262,7.470845,4.4258103,-0.13207917806828803,-0.11106114500201028,0.18514301353916557,,-4.810875,-4.826243,-7.3585596
sCrhoAGa1,Pla2g2Ga,+,Crotalus horridus,Crotalus horridus,Crotalus,Viperidae,Squamata,,11.063446,7.578483,3.6087449,-0.0379102056457511,-0.11324843243872271,0.2221297476878841,,-6.05054,-7.668548,-9.846362
sCrhoBE,Pla2g2E,-,Crotalus horridus,Crotalus horridus,Crotalus,Viperidae,Squamata,,4.921708,7.929232,10.044187,0.16462794905771036,0.3079056487252339,-0.13207784302141937,,2.7444685,7.73607,2.638963
sCrhoBGc1,Pla2g2Gc,-,Crotalus horridus,Crotalus horridus,Crotalus,Viperidae,Squamata,,10.484834,7.1827846,4.3275957,-0.1519490968488789,-0.12437303463656342,0.21558788542547835,,-4.903113,-4.5084443,-7.0380545
sCrhoBD,Pla2g2D1,-,Crotalus horridus,Crotalus horridus,Crotalus,Viperidae,Squamata,,9.112087,10.282711,7.777603,0.07828243624937399,0.03442241506443742,-0.26853300017268095,,4.843582,-8.153984,3.0123491
sCrhoBF,Pla2g2F,+,Crotalus horridus,Crotalus horridus,Crotalus,Viperidae,Squamata,,6.5626893,6.446562,6.8902655,-0.01326813820768245,0.03769818417696737,0.02063297532460145,,-1.611052,4.7377954,-5.819468
sCrhoGa,Pla2g2Ga,-,Crotalus horridus,Crotalus horridus,Crotalus,Viperidae,Squamata,,11.1939745,8.214967,3.6921484,-0.17770545623607706,-0.08229713383731903,0.25760704553521324,,-4.2979994,-6.8092165,-8.739048
sCrhoGc,Pla2g2Gc,+,Crotalus horridus,Crotalus horridus,Crotalus,Viperidae,Squamata,,10.301347,6.8658657,4.528466,-0.11013965818829534,-0.1529050431446977,0.21958448007750223,,-4.9639854,-3.6330783,-7.5111947
sCrscAE,Pla2g2E,-,Crotalus scutulatus,Crotalus scutulatus,Crotalus,Viperidae,Squamata,,4.687942,8.389488,10.044781,0.1648206052974189,0.3323391379688674,-0.13367514689057472,,3.257611,8.111497,3.2786593
sCrscAGb,Pla2g2Gb,-,Crotalus scutulatus,Crotalus scutulatus,Crotalus,Viperidae,Squamata,,10.300465,8.824321,5.074485,-0.16510833816129547,-0.22188167183624638,0.11318528346442594,,-0.35921955,-5.905593,-6.4768043
sCrscAGc1,Pla2g2Gc,-,Crotalus scutulatus,Crotalus scutulatus,Crotalus,Viperidae,Squamata,,10.641724,6.977805,4.3221135,-0.11769787226261709,-0.08643530429294598,0.228082954539776,,-6.0654616,-4.7645044,-7.7472124
sCrscAGa1,Pla2g2Ga,+,Crotalus scutulatus,Crotalus scutulatus,Crotalus,Viperidae,Squamata,,11.441466,7.888189,3.325189,-0.1372104909453471,0.012782766238902269,0.24032300727753947,,-5.089473,-8.150231,-9.0259695
sCrscAGc2,Pla2g2Gc,-,Crotalus scutulatus,Crotalus scutulatus,Crotalus,Viperidae,Squamata,,10.605534,7.139253,3.870518,-0.13386604933360752,-0.02008568092901696,0.22731832739629257,,-5.6624503,-5.4291215,-7.3953032
sCrscAGa2,Pla2g2Ga,+,Crotalus scutulatus,Crotalus scutulatus,Crotalus,Viperidae,Squamata,,10.890314,8.397657,4.182787,-0.14613921363798407,-0.03508712783296754,0.16990928279923764,,-2.469157,-6.7992897,-8.345325
sCrscAF,Pla2g2F,+,Crotalus scutulatus,Crotalus scutulatus,Crotalus,Viperidae,Squamata,,6.5024753,6.2323318,7.2197757,0.0012555977200970562,0.05908568767729054,0.027981367500219352,,-1.5821694,3.6641722,-5.198829
sCrscBE,Pla2g2E,-,Crotalus scutulatus,Crotalus scutulatus,Crotalus,Viperidae,Squamata,,4.635274,8.282256,9.804999,0.1648206052974189,0.3323391379688674,-0.13367514689057472,,3.071629,7.736012,3.380979
sCrscBGb,Pla2g2Gb,-,Crotalus scutulatus,Crotalus scutulatus,Crotalus,Viperidae,Squamata,,10.367076,7.9510455,4.6685476,-0.16869426006564964,-0.1349973506616489,0.1381194078970398,,-2.2856262,-5.401016,-5.7825365
sCrscBGk49,Pla2g2Gk,-,Crotalus scutulatus,Crotalus scutulatus,Crotalus,Viperidae,Squamata,,9.603955,7.4657183,4.1795144,-0.11987296768423594,-0.1924639637721522,0.22566863718370003,,-6.1980133,-3.4391356,-4.831143
sCrscBGc1,Pla2g2Gc,-,Crotalus scutulatus,Crotalus scutulatus,Crotalus,Viperidae,Squamata,,,,,,,,,,,
sCrscBGa1,Pla2g2Ga,+,Crotalus scutulatus,Crotalus scutulatus,Crotalus,Viperidae,Squamata,,10.753995,8.010988,3.5853596,-0.1709381687231657,-0.026638717905306336,0.21773416276570057,,-4.4611845,-7.4032445,-7.73273
sCrscBF,Pla2g2F,+,Crotalus scutulatus,Crotalus scutulatus,Crotalus,Viperidae,Squamata,,6.5604405,6.413633,7.197539,0.0012555977200970562,0.05908568767729054,0.027981367500219352,,-2.0531735,4.6074305,-4.9792085
bCucaC,Pla2g2C,+,Cuculus canorus,Cuculus canorus,Cuculus,Cuculidae,Cuculiformes,,8.834557,7.8899026,6.596113,-0.08995225934042485,-0.06004807087161932,0.045714645331820056,,1.1301639,-2.099291,-4.2388973
bCucaD3,Pla2g2D3,+,Cuculus canorus,Cuculus canorus,Cuculus,Cuculidae,Cuculiformes,,,,,,,,,,,
bCucaB,Pla2g2B,+,Cuculus canorus,Cuculus canorus,Cuculus,Cuculidae,Cuculiformes,,2.8778114,6.7094555,7.6127496,0.8316734472322654,-0.24237680130648948,-0.6566578079902069,,-7.0296416,11.093919,-0.6550719
mDanoA,Pla2g2A,-,Dasypus novemcinctus,Dasypus novemcinctus,Dasypus,Dasypodidae,Cingulata,,7.8465495,9.6811,3.301511,-0.11616569761022337,-0.3088123610429144,-0.0035762564431505283,,-3.044109,-9.288896,0.03538643
mDanoV,Pla2g2V1,+,Dasypus novemcinctus,Dasypus novemcinctus,Dasypus,Dasypodidae,Cingulata,,10.441743,12.7176285,7.701599,-0.15340403374921202,-0.1054759269854335,-0.10000098340423962,,8.63589,-5.6058507,-1.5768273
mDanoD,Pla2g2D1,-,Dasypus novemcinctus,Dasypus novemcinctus,Dasypus,Dasypodidae,Cingulata,,7.5712423,9.182424,9.485886,-0.004523777367928635,0.224403001551583,-0.21227579501006288,,6.007974,3.631762,2.2487302
mDanoF,Pla2g2F,+,Dasypus novemcinctus,Dasypus novemcinctus,Dasypus,Dasypodidae,Cingulata,,3.3102748,5.301961,10.199919,0.23407654510045955,0.545874083257767,0.04013367822640429,,2.9319468,13.677306,-0.22540136
mDanoC,Pla2g2C,-,Dasypus novemcinctus,Dasypus novemcinctus,Dasypus,Dasypodidae,Cingulata,,10.043121,4.7170644,5.708772,0.12167729706043225,0.011255628941142666,-0.1085012391219239,,-6.020485,4.125748,2.0698304
sDeacF,Pla2g2F,-,Deinagkistrodon acutus,Deinagkistrodon acutus,Deinagkistrodon,Viperidae,Squamata,,6.2135167,6.392529,7.5498853,0.019011691974159462,0.1192811210481794,-0.02238198625082915,,-0.9132181,5.0806437,-4.7073746
sDeacGa,Pla2g2Ga,-,Deinagkistrodon acutus,Deinagkistrodon acutus,Deinagkistrodon,Viperidae,Squamata,,11.195211,7.9467483,3.5814707,-0.18330674081725112,-0.1194903578499347,0.29397764263968584,,-4.52588,-6.7038517,-9.344609
sDeacGc,Pla2g2Gc,+,Deinagkistrodon acutus,Deinagkistrodon acutus,Deinagkistrodon,Viperidae,Squamata,,10.290173,7.189017,4.3449574,-0.09716685221413046,-0.17486938459181803,0.20928121717685225,,-5.218929,-3.7105398,-8.170023
sDeacGk49,Pla2g2Gk,+,Deinagkistrodon acutus,Deinagkistrodon acutus,Deinagkistrodon,Viperidae,Squamata,,9.147123,7.723093,4.3960156,-0.07413272917089372,-0.15651114122275867,0.1518809499374608,,-5.736695,-4.1296983,-4.315099
sDeacGb,Pla2g2Gb,+,Deinagkistrodon acutus,Deinagkistrodon acutus,Deinagkistrodon,Viperidae,Squamata,,10.512095,8.307664,4.6322403,-0.14499917768552728,-0.08529977166465742,0.11637585185528007,,-2.0576105,-5.521543,-6.533777
sDeacE,Pla2g2E,+,Deinagkistrodon acutus,Deinagkistrodon acutus,Deinagkistrodon,Viperidae,Squamata,,5.2977033,8.158333,10.000173,0.1462826563666043,0.2588794258410532,-0.1510429519028651,,2.7820156,6.92263,2.3701227
mEledF,Pla2g2F,-,Elephantulus edwardii,Elephantulus edwardii,Elephantulus,Macroscelididae,Macroscelidea,,3.7708156,4.542709,9.46521,0.0750727514103084,0.4007847315496621,0.1717383310399041,,0.33041936,15.82164,3.2161276
mEledD1,Pla2g2D1,+,Elephantulus edwardii,Elephantulus edwardii,Elephantulus,Macroscelididae,Macroscelidea,,,,,,,,,,,
mEledV,Pla2g2V1,-,Elephantulus edwardii,Elephantulus edwardii,Elephantulus,Macroscelididae,Macroscelidea,(no exon 1),10.448652,13.074966,7.897641,-0.14442802085121875,-0.1321359853125579,-0.12712057048740802,,8.89347,-6.535536,-0.8456308
mEledA3,Pla2g2A,+,Elephantulus edwardii,Elephantulus edwardii,Elephantulus,Macroscelididae,Macroscelidea,,10.043825,8.507763,5.2852974,-0.15914337895550035,-0.1197462905875512,0.13563191691278678,,0.11997027,-5.7887053,-7.8648324
mEledA2,Pla2g2A,+,Elephantulus edwardii,Elephantulus edwardii,Elephantulus,Macroscelididae,Macroscelidea,,8.37324,9.822001,3.5264506,-0.17246350570475552,-0.32153949151369815,0.12519060767782061,,-3.9372191,-9.343624,-1.503492
mEledA1,Pla2g2A,+,Elephantulus edwardii,Elephantulus edwardii,Elephantulus,Macroscelididae,Macroscelidea,,8.484402,8.968318,4.2715054,-0.04965436273246622,-0.2420941624986286,0.09815784272222167,,-4.0026283,-8.362614,-2.5114284
mEledE,Pla2g2E,+,Elephantulus edwardii,Elephantulus edwardii,Elephantulus,Macroscelididae,Macroscelidea,,4.521898,11.569904,9.024059,-0.016485822599125607,0.23951046500221457,-0.15083367880583973,,4.361608,5.2861485,7.376619
mEnluC,Pla2g2C,+,Enhydra lutris kenyoni,Enhydra lutris,Enhydra,Mustelidae,Carnivora,,9.282483,4.202094,5.2796106,0.12390382587908194,0.0801770200452854,-0.08903593662622623,,-6.8134646,5.8694067,0.40357286
mEnluF,Pla2g2F,-,Enhydra lutris kenyoni,Enhydra lutris,Enhydra,Mustelidae,Carnivora,,3.4314513,5.2792406,10.085865,0.13068464547424583,0.5026896344861066,0.1541335537250698,,2.6368527,14.530289,1.1442047
mEnluD1,Pla2g2D1,+,Enhydra lutris kenyoni,Enhydra lutris,Enhydra,Mustelidae,Carnivora,,,,,,,,,,,
mEnluV,Pla2g2V1,-,Enhydra lutris kenyoni,Enhydra lutris,Enhydra,Mustelidae,Carnivora,,9.785809,11.619036,7.66287,-0.07614748805761458,0.023676929525027906,-0.1759015415420668,,7.2271557,-5.3460984,1.5915664
mEnluE,Pla2g2E,+,Enhydra lutris kenyoni,Enhydra lutris,Enhydra,Mustelidae,Carnivora,,4.193987,11.677731,9.205949,-0.04857880054218226,0.19817061355555013,-0.12494594018558804,,3.7180645,5.111121,8.890072
mEqcaC,Pla2g2C,+,Equus caballus,Equus caballus,Equus,Equidae,Perissodactyla,,9.812934,4.644576,5.4365067,0.08719432442879053,0.03522291265531109,-0.041225189472007776,,-5.9697046,4.562007,-0.17545186
mEqcaF,Pla2g2F,-,Equus caballus,Equus caballus,Equus,Equidae,Perissodactyla,,3.4518743,5.5268726,9.958038,0.1343020076513746,0.4523361480542996,0.16771696649256954,,3.6277766,15.064794,1.2034703
mEqcaD,Pla2g2D1,+,Equus caballus,Equus caballus,Equus,Equidae,Perissodactyla,,7.266419,9.416364,9.62912,-0.01636076478528218,0.22628919868560032,-0.17907976027101272,,5.5655847,3.3278801,1.692726
mEqcaV,Pla2g2V1,-,Equus caballus,Equus caballus,Equus,Equidae,Perissodactyla,,9.983054,12.132733,7.7416763,-0.0982741375094728,0.03298121275043356,-0.1840693578297613,,8.239648,-5.661459,1.1399682
mEqcaA,Pla2g2A,+,Equus caballus,Equus caballus,Equus,Equidae,Perissodactyla,,7.7328477,9.644668,3.4122565,-0.14456061911715684,-0.29237197790557323,-0.007748286947955072,,-2.7352338,-9.19513,0.2659526
mEqcaE,Pla2g2E,+,Equus caballus,Equus caballus,Equus,Equidae,Perissodactyla,,4.2867947,11.752674,8.632343,-0.0002842744485614358,0.2690773475837535,-0.1470279215099193,,5.4155154,6.0265303,7.6594696
mEreuC,Pla2g2C,+,Erinaceus europaeus,Erinaceus europaeus,Erinaceus,Erinaceidae,Eulipotyphla,,9.392227,3.9097927,5.7818313,0.18722980758680743,0.21605818938319352,-0.19884160372195134,,-4.9359393,6.575446,2.3966396
mEreuF,Pla2g2F,-,Erinaceus europaeus,Erinaceus europaeus,Erinaceus,Erinaceidae,Eulipotyphla,(no exon F2 gaps),3.0997465,5.116513,10.17967,0.18240453410244972,0.5245183503406682,0.0881645726258598,,2.0888565,13.688723,0.36057276
mEreuD1,Pla2g2D1,+,Erinaceus europaeus,Erinaceus europaeus,Erinaceus,Erinaceidae,Eulipotyphla,,,,,,,,,,,
mEreuV,Pla2g2V1,-,Erinaceus europaeus,Erinaceus europaeus,Erinaceus,Erinaceidae,Eulipotyphla,,9.942572,11.58514,7.4945216,-0.07947412137729933,0.036722005658708014,-0.2072513542451336,,7.4901934,-6.1572886,1.7453039
mEreuA15,Pla2g2A,+,Erinaceus europaeus,Erinaceus europaeus,Erinaceus,Erinaceidae,Eulipotyphla,(no exon 1),5.19797,7.582155,9.247089,0.24532947458035714,0.22010674860779222,-0.0728081643255002,,2.3801692,8.218904,0.1392037
mEreuA14,Pla2g2A,+,Erinaceus europaeus,Erinaceus europaeus,Erinaceus,Erinaceidae,Eulipotyphla,,6.9827228,6.7935643,6.4484487,0.05778613919520265,0.08306029984367605,0.06675145210207593,,-4.691681,1.7293034,-6.392496
mEreuA13,Pla2g2A,+,Erinaceus europaeus,Erinaceus europaeus,Erinaceus,Erinaceidae,Eulipotyphla,,7.417319,7.0375133,5.8333178,-0.04050879727836015,0.03460368525355085,0.11752177627613121,,-4.705246,1.698873,-6.401615
mEreuA12,Pla2g2A,+,Erinaceus europaeus,Erinaceus europaeus,Erinaceus,Erinaceidae,Eulipotyphla,,7.6377306,8.1317425,4.143387,-0.04265070543083224,-0.18994508870895294,0.03564308755700464,,-7.437922,-4.07689,-0.5979167
mEreuA11,Pla2g2A,+,Erinaceus europaeus,Erinaceus europaeus,Erinaceus,Erinaceidae,Eulipotyphla,,7.7137876,8.318329,3.9070647,-0.049594103640053774,-0.19450042426180816,0.04289084096145995,,-7.435025,-4.131506,-0.6279457
mEreuA10,Pla2g2A,+,Erinaceus europaeus,Erinaceus europaeus,Erinaceus,Erinaceidae,Eulipotyphla,,7.7594757,7.755827,4.221644,-0.026426452225028183,-0.15157388283221895,0.04702268725361081,,-7.53745,-3.713802,-0.51975965
mEreuA9,Pla2g2A,+,Erinaceus europaeus,Erinaceus europaeus,Erinaceus,Erinaceidae,Eulipotyphla,,7.6347685,8.05708,4.1874266,-0.04513361170803468,-0.20614374753071443,0.014410127169175219,,-7.606124,-4.012742,-0.7209773
mEreuA8,Pla2g2A,+,Erinaceus europaeus,Erinaceus europaeus,Erinaceus,Erinaceidae,Eulipotyphla,,7.934156,7.8952107,3.994893,-0.029740255310685363,-0.33343811068250495,0.04264173280736804,,-8.431989,-3.8671484,-1.6466033
mEreuA7,Pla2g2A,+,Erinaceus europaeus,Erinaceus europaeus,Erinaceus,Erinaceidae,Eulipotyphla,,7.850442,8.372523,3.726233,-0.0930007652576308,-0.2683566446952801,0.11555375062694642,,-7.438112,-4.956247,-1.1169467
mEreuA6,Pla2g2A,-,Erinaceus europaeus,Erinaceus europaeus,Erinaceus,Erinaceidae,Eulipotyphla,(no exon 1),5.9135995,6.99164,7.58136,0.2591628704562147,-0.09376123714264666,0.11343079030654814,,-1.4535896,7.9535475,-2.6118798
mEreuA5,Pla2g2A,-,Erinaceus europaeus,Erinaceus europaeus,Erinaceus,Erinaceidae,Eulipotyphla,,5.6870503,6.8358502,7.8577013,0.3039085097870244,-0.0551489599693852,0.07530097573235708,,-1.4601222,7.9549613,-2.6090324
mEreuA3,Pla2g2A,+,Erinaceus europaeus,Erinaceus europaeus,Erinaceus,Erinaceidae,Eulipotyphla,,7.9724107,8.178536,4.0226383,-0.08633265312249824,-0.33722162746241624,0.0481049173083336,,-8.625359,-3.8459537,-1.660803
mEreuA2,Pla2g2A,+,Erinaceus europaeus,Erinaceus europaeus,Erinaceus,Erinaceidae,Eulipotyphla,,8.111,8.270891,4.884202,0.0007000511850701848,-0.07628680282836013,-0.015094236373234338,,-4.3834615,-3.2781053,-1.6333057
mEreuA1,Pla2g2A,+,Erinaceus europaeus,Erinaceus europaeus,Erinaceus,Erinaceidae,Eulipotyphla,,7.8070126,9.111936,4.4411664,-0.11380349635039828,-0.13591838480431218,0.04135646825758248,,-3.563064,-6.482356,-0.11450601
mEreuE,Pla2g2E,+,Erinaceus europaeus,Erinaceus europaeus,Erinaceus,Erinaceidae,Eulipotyphla,,3.9361222,11.65727,8.740686,0.03345820421120362,0.34097896126403726,-0.12459933903865554,,5.1281385,7.592343,7.2353597
mFecaE,Pla2g2E,-,Felis catus,Felis catus,Felis,Felidae,Carnivora,,3.6803262,11.268806,8.779926,0.03085722652363378,0.3340176111793022,-0.16058641579149413,,6.054852,6.523722,6.944391
mFecaV,Pla2g2V1,+,Felis catus,Felis catus,Felis,Felidae,Carnivora,,10.316372,12.404398,8.289609,-0.14096132616556095,-0.08673943005903129,-0.14191482597907637,,9.362604,-6.0863805,0.4610376
mFecaD,Pla2g2D1,-,Felis catus,Felis catus,Felis,Felidae,Carnivora,,7.5251045,10.165867,9.087706,-0.06266715670897254,0.06200883952788615,-0.11421169411874273,,4.211203,1.3526698,2.082195
mFecaF,Pla2g2F,+,Felis catus,Felis catus,Felis,Felidae,Carnivora,,3.3063421,5.3462834,9.954523,0.11631828872601185,0.45251626692954683,0.18822286680309672,,2.950695,15.567764,1.6286489
bGagaE,Pla2g2E,-,Gallus gallus,Gallus gallus,Gallus,Phasianidae,Galliformes,,7.234033,10.076173,4.8701725,-0.12691936783981103,-0.11281559162389146,-0.00933380249592196,,-2.1189961,-7.004776,2.8266692
bGagaB,Pla2g2B,-,Gallus gallus,Gallus gallus,Gallus,Phasianidae,Galliformes,,3.754766,7.1611834,7.919616,2.2689949522531805,-0.38918606731974753,0.990788896508355,,-2.700882,9.803225,0.9566709
bGagaD,Pla2g2D3,-,Gallus gallus,Gallus gallus,Gallus,Phasianidae,Galliformes,,10.558915,10.707691,5.903699,-0.12143823766027345,-0.3006984652226812,-0.060961195500005186,,3.6958425,-10.311545,-1.4125054
bGagaC,Pla2g2C,-,Gallus gallus,Gallus gallus,Gallus,Phasianidae,Galliformes,,8.885653,7.532201,7.5446396,-0.005758125074172992,0.07505929868533132,-0.041599363514349355,,2.4112256,0.23474668,-4.4239626
cGavganC,Pla2g2C,+,Gavialis gangeticus,Gavialis gangeticus,Gavialis,Gavialidae,Crocodylia,,8.267966,10.370937,3.2897372,-0.1366840158540736,-0.4122696393772424,0.049050954560837474,,-3.4322753,-10.545834,-1.4450321
cGavganD3,Pla2g2D3,+,Gavialis gangeticus,Gavialis gangeticus,Gavialis,Gavialidae,Crocodylia,(no exon 1),10.550572,9.418316,5.699905,-0.16824081661539633,-0.33930378561770524,0.05174720248687228,,3.3017166,-7.679574,-4.8871374
cGavganD1,Pla2g2D1,+,Gavialis gangeticus,Gavialis gangeticus,Gavialis,Gavialidae,Crocodylia,(no exon 1),8.20854,7.26184,5.498271,0.0026285170383762743,-0.07670840799671462,0.14284924897422374,,-5.7550445,0.32078624,-4.6465816
cGavganE,Pla2g2E,+,Gavialis gangeticus,Gavialis gangeticus,Gavialis,Gavialidae,Crocodylia,,7.0656853,9.265471,6.6494775,-0.028455135296967027,0.09798787443304167,0.027955608188213688,,-2.0586727,-0.59559286,4.022508
cGoagF,Pla2g2F,-,Gopherus agassizii,Gopherus agassizii,Gopherus,Testudinidae,Testudines,(no exon 1),7.867555,6.9135075,6.501781,-0.08422151319569805,-0.043271729059866385,0.09878484438785824,,-2.1364598,0.96421766,-3.467374
cGoagD3,Pla2g2D3,+,Gopherus agassizii,Gopherus agassizii,Gopherus,Testudinidae,Testudines,(no exon 1),9.98468,9.098022,5.8692427,-0.10776700517903369,-0.19995506371845678,0.020166634082013364,,0.9315883,-6.5112925,-4.340292
cGoagD2,Pla2g2D2,+,Gopherus agassizii,Gopherus agassizii,Gopherus,Testudinidae,Testudines,(no exon 1),8.137066,10.125377,4.8291826,-0.1601041057257623,-0.1903178560136378,-0.027567213598291406,,-0.9750491,-7.607802,-0.13757138
cGoagD1,Pla2g2D1,+,Gopherus agassizii,Gopherus agassizii,Gopherus,Testudinidae,Testudines,(no exon 1),7.818361,9.076277,6.2699847,-0.1615887790374471,-0.023786578711902533,0.060400311783001474,,0.3308529,-3.2543585,-0.19591534
cGoagE,Pla2g2E,+,Gopherus agassizii,Gopherus agassizii,Gopherus,Testudinidae,Testudines,,7.14243,9.75452,6.1055865,-0.14591485479386554,0.03645770444451703,0.008276610285193478,,-0.07999536,-3.5437799,2.2784338
bHaleB,Pla2g2B,-,Haliaeetus leucocephalus,Haliaeetus leucocephalus,Haliaeetus,Accipitridae,Accipitriformes,,2.7575305,6.9395795,7.5795646,0.7730975361547365,-0.4006400588809519,-0.5587739290050033,,-6.5467386,10.566111,-0.010227955
bHaleD,Pla2g2D3,-,Haliaeetus leucocephalus,Haliaeetus leucocephalus,Haliaeetus,Accipitridae,Accipitriformes,,10.573493,10.412297,6.109367,-0.15017188448355548,-0.2682565573463152,-0.086940346386367,,3.8653452,-9.198117,-1.8507528
bHaleC,Pla2g2C,-,Haliaeetus leucocephalus,Haliaeetus leucocephalus,Haliaeetus,Accipitridae,Accipitriformes,,8.709514,7.6723533,7.612704,-0.047600858220704215,0.05529435789320591,-0.025560587345341057,,1.8308736,-0.40590024,-3.4423447
mHeglE,Pla2g2E,-,Heterocephalus glaber,Heterocephalus glaber,Heterocephalus,Bathyergidae,Rodentia,,4.501384,9.653745,9.457908,0.09680507505959984,0.39451614340453706,-0.0791799797680817,,3.9951494,7.6375203,5.196146
mHeglA1,Pla2g2A,-,Heterocephalus glaber,Heterocephalus glaber,Heterocephalus,Bathyergidae,Rodentia,,7.3320713,9.741898,8.389909,-0.053188047513278464,0.12736735438811728,-0.10324917068371557,,4.3470798,-0.9682671,1.7153518
mHeglA2,Pla2g2A,-,Heterocephalus glaber,Heterocephalus glaber,Heterocephalus,Bathyergidae,Rodentia,,7.7404757,10.060521,3.590298,-0.16623986668340238,-0.30975319399067985,0.09852875499317335,,-4.8846364,-8.417187,1.726572
mHeglA3,Pla2g2A,-,Heterocephalus glaber,Heterocephalus glaber,Heterocephalus,Bathyergidae,Rodentia,,7.6357846,10.346623,3.1187923,-0.1332030272468903,-0.38503183581813283,0.00883111754374262,,-3.9440248,-9.90481,0.99382925
mHeglV,Pla2g2V,+,Heterocephalus glaber,Heterocephalus glaber,Heterocephalus,Bathyergidae,Rodentia,,10.6879,12.280339,7.8755736,-0.176834171847119,-0.06961634406660044,-0.08619291417768399,,7.680326,-5.7279162,-0.6314712
mHeglD,Pla2g2D1,-,Heterocephalus glaber,Heterocephalus glaber,Heterocephalus,Bathyergidae,Rodentia,,6.2725825,8.555707,9.464529,0.09028431559272942,0.25120036293758274,-0.10752016409085134,,4.2221966,4.7414675,0.92153186
mHeglF,Pla2g2F,+,Heterocephalus glaber,Heterocephalus glaber,Heterocephalus,Bathyergidae,Rodentia,,3.9021537,5.2642875,9.335258,0.12041769230958588,0.34723029908064734,0.18205522834442145,,0.33309126,15.559832,1.8838857
mHosaE,Pla2g2E,-,Homo sapiens,Homo sapiens,Homo,Hominidae,Primates,,3.9086583,11.978199,8.243004,-0.030876243481757052,0.29855831246745074,-0.1220019870792309,,5.6696105,6.676817,8.46502
mHosaA,Pla2g2A,-,Homo sapiens,Homo sapiens,Homo,Hominidae,Primates,,7.232781,9.969618,3.4574409,-0.1372025411220717,-0.28166060903380274,0.039462159117810064,,-2.985158,-9.433729,1.1633964
mHosaV,Pla2g2V1,+,Homo sapiens,Homo sapiens,Homo,Hominidae,Primates,,10.630915,12.615684,7.736936,-0.17572108241436446,-0.14230361694910193,-0.05696572095261964,,9.187282,-5.36317,-0.8356233
mHosaD,Pla2g2D1,-,Homo sapiens,Homo sapiens,Homo,Hominidae,Primates,,7.6872406,9.589741,9.399886,-0.03193431745153491,0.17901883160847062,-0.12767855395312788,,5.7283654,2.260659,1.1290557
mHosaF,Pla2g2F,+,Homo sapiens,Homo sapiens,Homo,Hominidae,Primates,,3.303553,4.8781376,10.053349,0.12680660612033942,0.433861304327995,0.17222953133249813,,1.4061311,14.855778,0.87782526
sLabiE,Pla2g2E,-,Lacerta bilineata,Lacerta bilineata,Lacerta,Lacertidae,Squamata,,7.0838094,10.1380415,7.377263,-0.1059400293404632,0.11123981895300077,-0.05387539542191502,,2.574363,-2.6941955,2.9697618
sLabiGo,Pla2g2G0,-,Lacerta bilineata,Lacerta bilineata,Lacerta,Lacertidae,Squamata,,10.520414,7.589336,3.4382005,-0.19902005103615023,-0.07600831343306932,0.289646195678406,,-6.153858,-7.455518,-6.8316336
sLabiD,Pla2g2D1,-,Lacerta bilineata,Lacerta bilineata,Lacerta,Lacertidae,Squamata,,5.383952,7.515619,8.7170105,0.17588236247402209,0.17681320492680278,0.05876194891805768,,0.55336344,6.4368744,-0.7181911
sLabiF,Pla2g2F,+,Lacerta bilineata,Lacerta bilineata,Lacerta,Lacertidae,Squamata,,6.8400116,6.2728214,6.4768267,-0.0656797034761644,-0.05720707908343573,0.06214544619840683,,-1.5975438,3.193759,-6.7339025
sLaviF,Pla2g2F,-,Lacerta viridis,Lacerta viridis,Lacerta,Lacertidae,Squamata,,6.583511,6.2862587,6.5606914,-0.0656797034761644,-0.05720707908343573,0.06214544619840683,,-1.5975409,3.1936882,-6.7338767
sLaviD,Pla2g2D1,+,Lacerta viridis,Lacerta viridis,Lacerta,Lacertidae,Squamata,,5.4833922,7.612766,8.721316,0.1610084213362313,0.14887734557440846,0.07992171083501173,,0.5529583,6.4337053,-0.71995956
sLaviGo,Pla2g2G0,+,Lacerta viridis,Lacerta viridis,Lacerta,Lacertidae,Squamata,,10.5932045,7.542489,3.4941173,-0.19391377853008807,-0.06714519025758273,0.27635577614848145,,-6.156043,-7.4619136,-6.8268666
sLaviE,Pla2g2E,+,Lacerta viridis,Lacerta viridis,Lacerta,Lacertidae,Squamata,,7.3136764,10.316068,7.374036,-0.1059400293404632,0.11123981895300077,-0.05387539542191502,,2.5743625,-2.6941955,2.9697616
mLoafC,Pla2g2C,+,Loxodonta africana,Loxodonta africana,Loxodonta,Elephantidae,Proboscidea,,9.7724285,4.999735,5.9518485,0.100017192221876,-0.030578021818995924,-0.019874209964245926,,-6.872115,3.9311552,0.6850403
mLoafF,Pla2g2F,-,Loxodonta africana,Loxodonta africana,Loxodonta,Elephantidae,Proboscidea,(no exons F gap),3.3459365,4.848492,10.01359,0.13937563720997356,0.42298503461177733,0.1602526225403259,,1.253065,15.853554,1.0034311
mLoafD,Pla2g2D1,+,Loxodonta africana,Loxodonta africana,Loxodonta,Elephantidae,Proboscidea,,7.0055027,9.0957985,9.509465,0.05309197709684484,0.30631800459148995,-0.16054950897142242,,5.3668685,4.0701556,1.6037272
mLoafV,Pla2g2V1,-,Loxodonta africana,Loxodonta africana,Loxodonta,Elephantidae,Proboscidea,,10.020149,12.396753,8.380158,-0.1588354360352117,-0.018524557571972355,-0.07385656575516117,,9.058099,-4.2175565,0.14122221
mLoafA2,Pla2g2A,+,Loxodonta africana,Loxodonta africana,Loxodonta,Elephantidae,Proboscidea,,7.324008,9.692271,3.583243,-0.14198086554654152,-0.254963463159167,0.03304512009141765,,-3.574504,-8.3804655,0.87295026
mLoafA1,Pla2g2A,+,Loxodonta africana,Loxodonta africana,Loxodonta,Elephantidae,Proboscidea,,7.373357,9.660445,4.469069,-0.10318274393644636,-0.12571480771738197,-0.04368924439071261,,-3.5246124,-6.8584704,0.8349695
mLoafE,Pla2g2E,+,Loxodonta africana,Loxodonta africana,Loxodonta,Elephantidae,Proboscidea,,4.4367914,11.875137,9.136396,-0.006737939457373904,0.23115223562551215,-0.1275958957166173,,4.0201306,4.603528,7.5927386
mMamaF,Pla2g2F,-,Marmota marmota marmota,Marmota marmota,Marmota,Sciuridae,Rodentia,,3.8864734,4.7190056,9.578114,0.09066550875566316,0.428725347254568,0.12956699200125793,,1.6379389,14.927605,2.2582023
mMamaD,Pla2g2D1,+,Marmota marmota marmota,Marmota marmota,Marmota,Sciuridae,Rodentia,,7.7532897,9.469917,9.2249,-0.029375871832501746,0.13391032429619865,-0.12124929876933409,,5.2309875,2.3352478,0.59124106
mMamaV,Pla2g2V1,-,Marmota marmota marmota,Marmota marmota,Marmota,Sciuridae,Rodentia,,10.822394,12.792791,8.059863,-0.17258752344487233,-0.17073837596655708,-0.06908678849049282,,9.462931,-5.8428783,-1.1702085
mMamaA1,Pla2g2A,+,Marmota marmota marmota,Marmota marmota,Marmota,Sciuridae,Rodentia,,7.906914,10.019202,3.537243,-0.1363452123861995,-0.3229176322364666,0.027327025769303348,,-4.184174,-8.880021,0.72733104
mMamaE,Pla2g2E,+,Marmota marmota marmota,Marmota marmota,Marmota,Sciuridae,Rodentia,(no exon 1),4.3446026,11.976516,8.560971,-0.01310023688921033,0.27210467322271703,-0.11854563439523737,,4.835756,6.1738043,8.131948
mMimiE,Pla2g2E,-,Microcebus murinus,Microcebus murinus,Microcebus,Cheirogaleidae,Primates,,,,,,,,,,,
mMimiA,Pla2g2A,-,Microcebus murinus,Microcebus murinus,Microcebus,Cheirogaleidae,Primates,,,,,,,,,,,
mMimiV,Pla2g2V1,+,Microcebus murinus,Microcebus murinus,Microcebus,Cheirogaleidae,Primates,,,,,,,,,,,
mMimiD,Pla2g2D1,-,Microcebus murinus,Microcebus murinus,Microcebus,Cheirogaleidae,Primates,,,,,,,,,,,
mMimiF,Pla2g2F,+,Microcebus murinus,Microcebus murinus,Microcebus,Cheirogaleidae,Primates,(no exon F2),,,,,,,,,,
mMimiC,Pla2g2C,-,Microcebus murinus,Microcebus murinus,Microcebus,Cheirogaleidae,Primates,(no exon 1),,,,,,,,,,
mModoC,Pla2g2C,+,Monodelphis domestica,Monodelphis domestica,Monodelphis,Didelphidae,Didelphimorphia,,8.644402,6.476659,6.1144576,-0.05804093301328397,-0.11165900109955626,0.04753749394969024,,-3.3372672,1.6940999,-1.3022712
mModoF,Pla2g2F,-,Monodelphis domestica,Monodelphis domestica,Monodelphis,Didelphidae,Didelphimorphia,,3.6841626,4.8622003,9.016761,0.05006731060285858,0.3387172414473635,0.23863056162967844,,1.8310531,16.8113,3.677819
mModoD,Pla2g2D1,+,Monodelphis domestica,Monodelphis domestica,Monodelphis,Didelphidae,Didelphimorphia,,7.668078,9.705631,8.076963,-0.08296054814276795,0.08965803149271191,0.02202051712376877,,4.3033195,-1.1284568,-0.56590384
mModoV2,Pla2g2V2,+,Monodelphis domestica,Monodelphis domestica,Monodelphis,Didelphidae,Didelphimorphia,(no exon 1),9.748728,6.9196334,3.7719758,-0.05765732038502393,0.026757913142268396,0.16360670252835477,,-7.6895585,-5.3621626,-5.9308004
mModoV1,Pla2g2V2,+,Monodelphis domestica,Monodelphis domestica,Monodelphis,Didelphidae,Didelphimorphia,,7.9195294,10.600038,3.4807758,-0.1913740911853316,-0.38060334106271637,0.0854644950901182,,-5.0302978,-10.060661,1.672045
mModoE,Pla2g2E,+,Monodelphis domestica,Monodelphis domestica,Monodelphis,Didelphidae,Didelphimorphia,,4.3463883,11.426048,7.8353157,-0.0562547007233843,0.31621705478704576,0.030792681998390904,,3.8348005,8.65126,9.214255
mMumuC,Pla2g2C,+,Mus musculus,Mus musculus,Mus,Muridae,Rodentia,,9.601418,4.9022985,5.5616126,0.07657053152982062,0.023286820395199734,0.009493350402738559,,-5.4098654,3.430592,0.013346295
mMumuF,Pla2g2F,-,Mus musculus,Mus musculus,Mus,Muridae,Rodentia,,4.073543,4.831098,9.264358,0.06805057114354479,0.3266174949395623,0.18921114901288386,,1.117961,15.391566,3.5689752
mMumuD1,Pla2g2D1,+,Mus musculus,Mus musculus,Mus,Muridae,Rodentia,,,,,,,,,,,
mMumuV1,Pla2g2V1,-,Mus musculus,Mus musculus,Mus,Muridae,Rodentia,,,,,,,,,,,
mMumuA,Pla2g2A,+,Mus musculus,Mus musculus,Mus,Muridae,Rodentia,,7.7649894,9.569412,3.467348,-0.05950674098809791,-0.2828031174098795,0.028752446273187984,,-5.43285,-7.6939664,0.025027597
mMumuE,Pla2g2E,+,Mus musculus,Mus musculus,Mus,Muridae,Rodentia,,4.0867248,11.641436,8.564885,-0.04344537645473556,0.29271119143430296,-0.07364808784259262,,4.5722575,6.5437746,9.005852
mMupuC,Pla2g2C,+,Mustela putorius furo,Mustela putorius,Mustela,Mustelidae,Carnivora,,9.2246,4.7177205,5.671148,0.1170536487662381,0.06852776215950043,-0.0670626252960616,,-6.8279653,5.2398453,0.31871632
mMupuF,Pla2g2F,-,Mustela putorius furo,Mustela putorius,Mustela,Mustelidae,Carnivora,,3.5458362,5.040261,10.223371,0.1262027722135282,0.5004877475852456,0.1647719802440353,,2.70818,14.405594,1.4536227
mMupuD,Pla2g2D1,+,Mustela putorius furo,Mustela putorius,Mustela,Mustelidae,Carnivora,,7.7151046,9.680462,9.126649,-0.014672342674058564,0.12830762509764346,-0.0971799591623867,,4.562781,1.8378382,0.6464381
mMupuV,Pla2g2V1,-,Mustela putorius furo,Mustela putorius,Mustela,Mustelidae,Carnivora,,10.056453,11.767621,7.923499,-0.1486311281726455,-0.032111110437892484,-0.07716951424595482,,7.002971,-5.4296246,0.29852337
mMupuE,Pla2g2E,+,Mustela putorius furo,Mustela putorius,Mustela,Mustelidae,Carnivora,,4.376445,11.406146,8.992971,-0.04135804991923555,0.24360198238281372,-0.10731320586084833,,3.5395646,5.737598,8.396572
mMyluE,Pla2g2E,-,Myotis lucifugus,Myotis lucifugus,Myotis,Vespertilionidae,Chiroptera,,4.7760897,11.351414,8.330809,-0.04604985327321929,0.26351368722373764,-0.060477390785115596,,3.3462834,6.874983,8.0939
mMyluA1,Pla2g2A,-,Myotis lucifugus,Myotis lucifugus,Myotis,Vespertilionidae,Chiroptera,,7.7272673,8.679415,6.257216,-0.10353368819565009,0.04090471743135849,0.08424140400662176,,-0.13019866,-2.2223072,-0.18041131
mMyluA2,Pla2g2A,-,Myotis lucifugus,Myotis lucifugus,Myotis,Vespertilionidae,Chiroptera,,10.099108,8.457464,5.2077737,-0.1608951341351106,-0.1644250807510599,0.11872248083319079,,0.28335547,-5.3559036,-7.4235907
mMyluA4,Pla2g2A,-,Myotis lucifugus,Myotis lucifugus,Myotis,Vespertilionidae,Chiroptera,,7.5699987,10.13559,3.1951602,-0.15781204692949075,-0.3542634261581504,0.044855022758206645,,-3.4654515,-10.88355,0.8208362
mMyluV,Pla2g2V1,+,Myotis lucifugus,Myotis lucifugus,Myotis,Vespertilionidae,Chiroptera,,10.008378,11.628659,8.039289,-0.117866757831857,-0.008709839447058288,-0.10618349518933601,,7.4391465,-4.4907093,0.5674789
mMyluD,Pla2g2D1,-,Myotis lucifugus,Myotis lucifugus,Myotis,Vespertilionidae,Chiroptera,,7.3690176,9.354772,9.701042,0.023032122755551374,0.2469389437677196,-0.21022313590672936,,6.464299,3.2968664,1.3446515
mMyluF,Pla2g2F,+,Myotis lucifugus,Myotis lucifugus,Myotis,Vespertilionidae,Chiroptera,,3.5162005,5.0319896,9.593441,0.09694599304814484,0.3799157900566353,0.15459888939118727,,3.0441158,15.148325,2.6037326
mMyluC,Pla2g2C,-,Myotis lucifugus,Myotis lucifugus,Myotis,Vespertilionidae,Chiroptera,,10.039417,4.330226,5.765719,0.10079515680908664,0.08004838477168634,-0.07367890199117101,,-6.060368,5.1078653,0.6022675
bNaauB,Pla2g2B,-,Nannopterum,None,Nannopterum,Phalacrocoracidae,Pelecaniformes,,2.5565596,6.859024,7.735198,0.8771944128371995,-0.31701296136033075,-0.6155307288415971,,-7.7071304,10.947343,-0.012364096
bNaauD,Pla2g2D3,-,Nannopterum,None,Nannopterum,Phalacrocoracidae,Pelecaniformes,,10.422493,10.116592,6.299778,-0.13638663846781815,-0.24400734609080985,-0.0652885483730055,,4.327482,-9.484467,-3.4337893
bNaauC,Pla2g2C,-,Nannopterum,None,Nannopterum,Phalacrocoracidae,Pelecaniformes,,9.283928,8.10927,7.255641,-0.10424453952815635,-0.02984851158258639,-0.0063243255333964524,,2.3370702,-1.799751,-3.4888148
mNescE,Pla2g2E,-,Neomonachus schauinslandi,Neomonachus schauinslandi,Neomonachus,Phocidae,Carnivora,,4.3632765,11.449364,9.1843195,0.027665233570908422,0.2985044508765331,-0.18927225390035063,,4.133233,5.903465,6.5000024
mNescV,Pla2g2V1,+,Neomonachus schauinslandi,Neomonachus schauinslandi,Neomonachus,Phocidae,Carnivora,,10.4331045,11.846817,8.02643,-0.13651811717267293,-0.07326612486560949,-0.1402493388900183,,8.372605,-6.714641,0.776262
mNescD,Pla2g2D1,-,Neomonachus schauinslandi,Neomonachus schauinslandi,Neomonachus,Phocidae,Carnivora,,8.046325,10.442193,9.002766,-0.08955845220201743,0.026355952383150583,-0.06991626592992344,,4.5554194,0.7355973,2.3181548
mNescF,Pla2g2F,+,Neomonachus schauinslandi,Neomonachus schauinslandi,Neomonachus,Phocidae,Carnivora,,3.2111704,5.389375,10.412714,0.15746883698051367,0.4999030115886541,0.11145267165002073,,2.5976653,14.749164,0.400282
sNoscF,Pla2g2F,-,Notechis scutatus,Notechis scutatus,Notechis,Elapidae,Squamata,,6.766013,6.123593,6.980752,-0.023937588310153763,0.06620828873012258,0.0479423134181851,,-2.6215622,3.990876,-5.5567217
sNoscD,Pla2g2D1,+,Notechis scutatus,Notechis scutatus,Notechis,Elapidae,Squamata,,9.938909,10.549885,6.814173,0.03065234705221255,-0.22407817768542299,-0.24504753512540972,,4.6708813,-8.74274,1.1726589
sNoscGc,Pla2g2Gc,+,Notechis scutatus,Notechis scutatus,Notechis,Elapidae,Squamata,,10.1626,7.031293,4.131556,-0.12525307077463516,-0.0941370457957974,0.20648181453436393,,-5.7748747,-5.179196,-6.3068724
sNoscE,Pla2g2E,+,Notechis scutatus,Notechis scutatus,Notechis,Elapidae,Squamata,,5.108495,7.675104,9.599869,0.12666747079954072,0.2585920478205398,-0.12766362090108976,,1.8066075,8.477911,2.555744
mOcprC,Pla2g2C,+,Ochotona princeps,Ochotona princeps,Ochotona,Ochotonidae,Lagomorpha,,9.644716,4.3368587,5.6616454,0.14079665319627865,0.11833146233797598,-0.09204880118072044,,-5.498533,5.7463565,1.4975008
mOcprF,Pla2g2F,-,Ochotona princeps,Ochotona princeps,Ochotona,Ochotonidae,Lagomorpha,,3.8971882,4.5744824,9.921815,0.09686356582725587,0.4345396152408696,0.14363989079358613,,0.43782842,14.532398,2.4281776
mOcprD,Pla2g2D1,+,Ochotona princeps,Ochotona princeps,Ochotona,Ochotonidae,Lagomorpha,,7.7121406,9.423308,8.882698,-0.03894598942546161,0.1061168083718612,-0.07075604741430419,,5.292699,1.2687683,0.34468874
mOcprV,Pla2g2V1,-,Ochotona princeps,Ochotona princeps,Ochotona,Ochotonidae,Lagomorpha,,10.62262,12.441876,7.8040175,-0.1374271812247777,-0.0947381243009801,-0.13655249523057839,,8.395351,-6.3431945,-0.16491622
mOcprA3,Pla2g2A,+,Ochotona princeps,Ochotona princeps,Ochotona,Ochotonidae,Lagomorpha,,10.065339,7.6640787,3.4323785,-0.17951813242111908,-0.05021062246436435,0.20758126084986556,,-6.5983176,-8.119455,-5.345632
mOcprA2,Pla2g2A,+,Ochotona princeps,Ochotona princeps,Ochotona,Ochotonidae,Lagomorpha,,7.637078,10.248852,3.0192077,-0.13428352835980023,-0.4347158249287362,-0.029823589823275244,,-2.3649912,-10.400982,0.6233395
mOcprA1,Pla2g2A,+,Ochotona princeps,Ochotona princeps,Ochotona,Ochotonidae,Lagomorpha,,8.285582,9.199006,5.0178795,-0.18406878718677666,-0.13802365722158771,0.10715432701166552,,-2.1913874,-5.8450594,-0.9373361
mOcprE,Pla2g2E,+,Ochotona princeps,Ochotona princeps,Ochotona,Ochotonidae,Lagomorpha,,4.335748,11.312638,9.039028,-0.006455523130485662,0.2865533780586611,-0.15738907965474144,,4.7283454,6.456794,6.968879
mOdviC,Pla2g2C,+,Odocoileus virginianus texanus,Odocoileus virginianus,Odocoileus,Cervidae,Artiodactyla,,9.477,4.230495,6.220556,0.08868306410809025,0.10463175435342893,-0.03314687479884161,,-4.3994274,4.8768454,0.25609845
mOdviF,Pla2g2F,-,Odocoileus virginianus texanus,Odocoileus virginianus,Odocoileus,Cervidae,Artiodactyla,,4.256299,5.089392,9.674837,0.025340684011427844,0.3444520923256406,0.14642241715133217,,1.9240936,13.954644,3.3602884
mOdviD,Pla2g2D1,+,Odocoileus virginianus texanus,Odocoileus virginianus,Odocoileus,Cervidae,Artiodactyla,,6.95572,10.053207,8.023196,-0.09091305804885007,0.18588500429247304,0.009440807555046874,,1.7646463,-0.05369237,1.7675811
mOdviV,Pla2g2V1,-,Odocoileus virginianus texanus,Odocoileus virginianus,Odocoileus,Cervidae,Artiodactyla,,9.587835,11.92996,7.833891,-0.08006086920630476,0.10509491449696919,-0.16487425911923856,,8.1135435,-4.8049912,2.1400957
mOdviA3,Pla2g2A,+,Odocoileus virginianus texanus,Odocoileus virginianus,Odocoileus,Cervidae,Artiodactyla,,8.068262,9.693386,5.7525015,-0.10728033447314167,-0.05783248830214795,-0.07127785345492832,,0.60327554,-6.371432,-0.03288632
mOdviA2,Pla2g2A,+,Odocoileus virginianus texanus,Odocoileus virginianus,Odocoileus,Cervidae,Artiodactyla,,7.418058,9.230174,5.892156,-0.13137416187041073,0.01776509199769226,-0.021119817202534245,,-0.55503356,-3.8339942,1.4806051
mOdviA1,Pla2g2A,+,Odocoileus virginianus texanus,Odocoileus virginianus,Odocoileus,Cervidae,Artiodactyla,,7.3322105,9.460166,4.968986,-0.14530885675809294,-0.12103388134092166,-0.022141564857582053,,-2.0337415,-5.226685,1.325578
mOdviE,Pla2g2E,+,Odocoileus virginianus texanus,Odocoileus virginianus,Odocoileus,Cervidae,Artiodactyla,,4.6241555,12.032109,8.86613,-0.017261406672219037,0.19811812892647646,-0.15936247136329834,,5.3778267,4.878948,7.351813
sOphaE,Pla2g2E,-,Ophiophagus hannah,Ophiophagus hannah,Ophiophagus,Elapidae,Squamata,,4.987234,7.9068537,9.840558,0.12252893982083884,0.25547422513697804,-0.1029664883887111,,1.9967765,8.539217,3.0973985
sOphaGc,Pla2g2Gc,-,Ophiophagus hannah,Ophiophagus hannah,Ophiophagus,Elapidae,Squamata,,9.814462,7.5118175,4.616826,-0.11578232091547531,-0.13163545234449345,0.16580194826247266,,-4.9483676,-4.568034,-6.0256033
sOphaD,Pla2g2D1,-,Ophiophagus hannah,Ophiophagus hannah,Ophiophagus,Elapidae,Squamata,,10.143208,10.650719,6.7046585,-0.03661415316288203,-0.18400476984724065,-0.1573216697807259,,4.701704,-8.650135,0.24479906
sOphaF,Pla2g2F,+,Ophiophagus hannah,Ophiophagus hannah,Ophiophagus,Elapidae,Squamata,,6.4378586,6.1700583,6.7688885,-0.010249934829080813,0.009717322120915013,-0.009345867846100432,,-2.5476263,5.118239,-5.6202936
sOpgrF,Pla2g2F,-,Dopasia gracilis,Dopasia gracilis,Dopasia,Anguidae,Squamata,(no exon 1),5.333458,7.0407133,8.543791,0.2168274958894175,0.2394887191522001,0.0381594036609137,,1.595268,8.112836,-1.1990153
sOpgrDb,Pla2g2D1,+,Dopasia gracilis,Dopasia gracilis,Dopasia,Anguidae,Squamata,,7.7721925,8.907078,5.1818295,-0.13185025601177053,-0.10395643935494898,0.06899266825279021,,-3.2464814,-4.591682,-0.003160656
sOpgrG0,Pla2g2G0,+,Dopasia gracilis,Dopasia gracilis,Dopasia,Anguidae,Squamata,,,,,,,,,,,
mOpgrE,Pla2g2E,-,Dopasia gracilis,Dopasia gracilis,Dopasia,Anguidae,Squamata,,,,,,,,,,,
bOphoC,Pla2g2C,+,Opisthocomus hoazin,Opisthocomus hoazin,Opisthocomus,Opisthocomidae,Opisthocomiformes,,8.848967,7.5327044,6.831039,-0.10766889821871772,-0.035636347897346266,0.09476856932604527,,0.51460946,-1.4261141,-3.9327087
bOphoD,Pla2g2D3,+,Opisthocomus hoazin,Opisthocomus hoazin,Opisthocomus,Opisthocomidae,Opisthocomiformes,,10.41083,9.897223,6.376075,-0.13189219962903412,-0.1806660561605532,-0.026688415558495347,,5.436087,-8.881434,-2.621119
bOphoE,Pla2g2E,+,Opisthocomus hoazin,Opisthocomus hoazin,Opisthocomus,Opisthocomidae,Opisthocomiformes,,7.007698,10.337501,4.256956,-0.16558209498761076,-0.19492000560686912,0.04576409235898386,,-3.5417683,-7.7835646,3.560172
mOrorE,Pla2g2E,-,Orcinus orca,Orcinus orca,Orcinus,Delphinidae,Artiodactyla,,4.9856462,11.317291,8.984654,0.012634983578158664,0.20335924591087517,-0.09355442441427095,,2.3896291,5.268472,6.880862
mOrorV,Pla2g2V1,+,Orcinus orca,Orcinus orca,Orcinus,Delphinidae,Artiodactyla,,10.190861,12.897873,8.090189,-0.1106593344814164,-0.15131547764322395,-0.20040107999977114,,10.676762,-6.5179057,0.66014594
mOrorD,Pla2g2D1,-,Orcinus orca,Orcinus orca,Orcinus,Delphinidae,Artiodactyla,,7.804547,10.191107,8.883004,-0.09556866081522318,0.057768898311151874,-0.08085051071676809,,5.1269712,0.3731863,1.4697998
mOrorC,Pla2g2C,-,Orcinus orca,Orcinus orca,Orcinus,Delphinidae,Artiodactyla,(no exon 1),9.426327,4.295683,5.535095,0.3234035041748733,-0.01146990985917756,-0.29042171526076055,,-5.8655767,7.181963,-0.400227
mOranF,Pla2g2F,-,Ornithorhynchus anatinus,Ornithorhynchus anatinus,Ornithorhynchus,Ornithorhynchidae,Monotremata,(no exon F2),3.2813253,4.9459305,9.379403,0.10849650055979045,0.37701891897763284,0.2158322933357562,,2.5282834,16.640265,2.609637
mOranD,Pla2g2D1,+,Ornithorhynchus anatinus,Ornithorhynchus anatinus,Ornithorhynchus,Ornithorhynchidae,Monotremata,,10.014731,10.211476,5.8239923,-0.15246517971343415,-0.21438526579641123,-0.05157344115203024,,2.6788435,-8.705437,-1.3438075
mOran4,Pla2g2D1,+,Ornithorhynchus anatinus,Ornithorhynchus anatinus,Ornithorhynchus,Ornithorhynchidae,Monotremata,,5.6580887,8.20308,9.477161,0.20525994635568576,0.2553577890080863,-0.15831884723047318,,3.4686255,6.3577814,0.7633385
mOran3,Pla2g2,-,Ornithorhynchus anatinus,Ornithorhynchus anatinus,Ornithorhynchus,Ornithorhynchidae,Monotremata,pre-V (no exon 1),7.913127,10.334276,3.941016,-0.1881874162210459,-0.3104362297191535,0.03574593151546432,,-2.6131165,-8.857575,1.8949883
mOran2,Pla2g2D2,+,Ornithorhynchus anatinus,Ornithorhynchus anatinus,Ornithorhynchus,Ornithorhynchidae,Monotremata,,4.734997,6.346211,9.7362175,0.11935915585692676,0.26268388677748594,-0.054701722275571386,,1.6917082,11.2397,2.9187162
mOranE,Pla2g2E,+,Ornithorhynchus anatinus,Ornithorhynchus anatinus,Ornithorhynchus,Ornithorhynchidae,Monotremata,,4.645354,11.188434,7.9151783,-0.09019998214714392,0.21159565057457022,0.03515443364552502,,3.3317297,7.7225866,9.187285
mOrcuC,Pla2g2C,+,Oryctolagus cuniculus,Oryctolagus cuniculus,Oryctolagus,Leporidae,Lagomorpha,,9.505873,4.0347695,5.6487837,0.1575626825261901,0.09587391366818664,-0.11940835248161652,,-5.4472017,5.498203,2.194142
mOrcuF,Pla2g2F,-,Oryctolagus cuniculus,Oryctolagus cuniculus,Oryctolagus,Leporidae,Lagomorpha,,3.9024837,4.8210254,9.5808735,0.07993489659508905,0.39916258321856996,0.13011829549333598,,1.025227,14.570295,2.5998375
mOrcuD,Pla2g2D1,+,Oryctolagus cuniculus,Oryctolagus cuniculus,Oryctolagus,Leporidae,Lagomorpha,,7.4376397,9.271827,9.605588,-0.013533572677776872,0.24899751873611367,-0.15647295911468323,,6.133778,3.4134972,2.024279
mOrcuV,Pla2g2V1,-,Oryctolagus cuniculus,Oryctolagus cuniculus,Oryctolagus,Leporidae,Lagomorpha,,10.540847,12.596456,8.190576,-0.159516715540037,-0.09101381723818905,-0.11320094237583797,,9.20074,-6.828342,-0.052355044
mOrcuA4,Pla2g2A,+,Oryctolagus cuniculus,Oryctolagus cuniculus,Oryctolagus,Leporidae,Lagomorpha,,7.3949485,9.515219,4.27312,-0.20999158094623344,-0.1541313340046647,0.13104498614298943,,-6.6686754,-8.381221,-4.9108863
mOrcuA3,Pla2g2A,-,Oryctolagus cuniculus,Oryctolagus cuniculus,Oryctolagus,Leporidae,Lagomorpha,,7.4843388,10.075558,3.2444308,-0.13020075203838832,-0.34244881515539954,-0.01759851676886194,,-2.5898778,-9.9233465,0.63950986
mOrcuA2,Pla2g2A,+,Oryctolagus cuniculus,Oryctolagus cuniculus,Oryctolagus,Leporidae,Lagomorpha,,7.446192,9.658637,4.0436473,-0.1588564543808602,-0.2239349778340564,0.10572515840310191,,-4.4649825,-7.04989,1.3538476
mOrcuA,Pla2g2A,+,Oryctolagus cuniculus,Oryctolagus cuniculus,Oryctolagus,Leporidae,Lagomorpha,,,,,,,,,,,
mOrcuE,Pla2g2E,+,Oryctolagus cuniculus,Oryctolagus cuniculus,Oryctolagus,Leporidae,Lagomorpha,,4.3407598,12.063126,8.745867,-0.0371160552009932,0.27111510398759475,-0.0962548809416304,,4.319442,6.7973766,7.7872653
mOvarC,Pla2g2C,+,Ovis aries,Ovis aries,Ovis,Bovidae,Artiodactyla,,9.516539,4.2765746,5.9207172,0.11056969785410801,0.09850557054818482,-0.05109232029783502,,-5.038385,5.6279964,0.02326396
mOvarF,Pla2g2F,-,Ovis aries,Ovis aries,Ovis,Bovidae,Artiodactyla,,4.387444,5.3542266,9.87935,0.03505189540133545,0.3932885071313538,0.08191720852826816,,1.8458076,13.460217,2.9082656
mOvarD,Pla2g2D1,+,Ovis aries,Ovis aries,Ovis,Bovidae,Artiodactyla,,7.1947336,10.142415,8.171881,-0.09706079379988812,0.10727821441516039,-0.028750597432851133,,2.7149827,-0.08839997,1.3699484
mOvarA3,Pla2g2A,+,Ovis aries,Ovis aries,Ovis,Bovidae,Artiodactyla,,7.99888,9.850855,5.391568,-0.13785539406779598,-0.12655273981522983,0.01976851355053173,,-0.2798566,-6.3841248,-0.48012018
mOvarA2,Pla2g2A,+,Ovis aries,Ovis aries,Ovis,Bovidae,Artiodactyla,,8.435416,8.136383,5.1812663,-0.061532871368250905,-0.07610224933715887,0.08519944014240202,,-3.1602826,-2.9083164,-2.5768209
mOvarA1,Pla2g2A,+,Ovis aries,Ovis aries,Ovis,Bovidae,Artiodactyla,,7.580194,9.239573,4.348457,-0.1590007760612267,-0.23684848588878793,0.010734191817041178,,-3.0258024,-5.3844223,1.4426438
mPatiC,Pla2g2C,+,Panthera tigris altaica,Panthera tigris,Panthera,Felidae,Carnivora,,9.398884,4.444538,5.453702,0.11268907342969119,0.06853689710485328,-0.061233125726347516,,-6.161049,5.528011,-0.30671766
mPatiF,Pla2g2F,-,Panthera tigris altaica,Panthera tigris,Panthera,Felidae,Carnivora,,3.6957412,5.904392,10.123425,0.19318335523798913,0.46085010911130364,0.13810155790805395,,2.5335884,15.900146,-0.006147575
mPatiD,Pla2g2D1,+,Panthera tigris altaica,Panthera tigris,Panthera,Felidae,Carnivora,,7.5299706,10.13359,9.1202135,-0.05386095958924273,0.07145948350484277,-0.1287894980984062,,4.1551104,1.4735576,2.055917
mPatiV,Pla2g2V1,-,Panthera tigris altaica,Panthera tigris,Panthera,Felidae,Carnivora,,10.071785,12.658322,8.041172,-0.1474376640895702,-0.09158142888192439,-0.132405170127824,,9.654872,-5.845259,0.119767934
mPatiE,Pla2g2E,+,Panthera tigris altaica,Panthera tigris,Panthera,Felidae,Carnivora,,3.7794404,11.448662,8.662845,0.037334591769099486,0.3632136463655738,-0.15903035675075983,,5.840192,6.7793846,6.6315775
mPahoC,Pla2g2C,+,Pantholops hodgsonii,Pantholops hodgsonii,Pantholops,Bovidae,Artiodactyla,,9.543919,4.0876684,5.9230886,0.1048373141213276,0.10533387263285718,-0.04352112282181323,,-4.959972,5.1025558,-0.30802086
mPahoF,Pla2g2F,-,Pantholops hodgsonii,Pantholops hodgsonii,Pantholops,Bovidae,Artiodactyla,,4.2091565,5.1598563,9.786233,0.006406995060969931,0.35533371318099155,0.17447105569892604,,2.4558537,14.145301,3.3401542
mPahoD,Pla2g2D1,+,Pantholops hodgsonii,Pantholops hodgsonii,Pantholops,Bovidae,Artiodactyla,,7.0399847,10.338689,8.547007,-0.04392629206046338,0.14552198483011908,-0.053241770211792536,,2.4417112,0.69616526,1.5366273
mPahoV,Pla2g2V1,-,Pantholops hodgsonii,Pantholops hodgsonii,Pantholops,Bovidae,Artiodactyla,,9.615137,12.14803,7.913402,-0.08537371561157298,0.007408142748578323,-0.17612440380559913,,8.762241,-5.3614955,2.217937
mPahoA5,Pla2g2A,+,Pantholops hodgsonii,Pantholops hodgsonii,Pantholops,Bovidae,Artiodactyla,,8.253524,9.930941,5.1050425,-0.14191344454004004,-0.19097967008342695,0.0035063223298708646,,-0.042468272,-6.645332,-0.4751038
mPahoA3,Pla2g2A,+,Pantholops hodgsonii,Pantholops hodgsonii,Pantholops,Bovidae,Artiodactyla,,8.356366,8.270072,5.2501183,-0.09306524189011729,-0.035531741781886644,0.10391101121777582,,-2.6867576,-2.7514567,-2.441858
mPahoA1,Pla2g2A,+,Pantholops hodgsonii,Pantholops hodgsonii,Pantholops,Bovidae,Artiodactyla,,7.204737,9.551741,5.1265984,-0.13418228040173108,-0.13233312677542722,-0.07799018699110125,,-1.873982,-5.4190993,1.5036012
mPahoE,Pla2g2E,+,Pantholops hodgsonii,Pantholops hodgsonii,Pantholops,Bovidae,Artiodactyla,,4.653297,12.12508,8.729165,-0.028387695859679415,0.16853844948612853,-0.14357667901887178,,5.084985,4.566658,8.287379
sPapiE,Pla2g2E,-,Paroedura picta,Paroedura picta,Paroedura,Gekkonidae,Squamata,,7.3030205,9.984272,7.1049113,-0.13914140747068532,0.05148331924327697,0.008548524531718468,,1.7464901,-2.5706909,2.3743155
sPapiG0,Pla2g2G0,-,Paroedura picta,Paroedura picta,Paroedura,Gekkonidae,Squamata,,,,,,,,,,,
sPapiF,Pla2g2F,+,Paroedura picta,Paroedura picta,Paroedura,Gekkonidae,Squamata,(no exon 1),4.688692,7.3373885,9.711969,0.2513087800216885,0.4297837451718463,-0.027232231468150292,,2.8703182,9.527494,0.66140324
bPafaC,Pla2g2C,+,Patagioenas fasciata monilis,Patagioenas fasciata,Patagioenas,Columbidae,Columbiformes,,8.962471,7.3147926,7.4699993,0.013013125423577108,0.16714920642953734,-0.05024587418179904,,2.5446181,0.68160695,-4.0744047
bPafaD,Pla2g2D3,+,Patagioenas fasciata monilis,Patagioenas fasciata,Patagioenas,Columbidae,Columbiformes,,10.803503,10.323609,5.823287,-0.15584201019164504,-0.3618193656146031,-0.03785596448993324,,3.177337,-9.964825,-2.2824247
bPafaB,Pla2g2B,+,Patagioenas fasciata monilis,Patagioenas fasciata,Patagioenas,Columbidae,Columbiformes,,2.6413605,6.9913373,7.4495387,0.8792309216624363,-0.46495395007408363,-0.613917791251648,,-7.4398203,11.509924,0.61010736
cPesiF,Pla2g2F,-,Pelodiscus sinensis,Pelodiscus sinensis,Pelodiscus,Trionychidae,Testudines,,7.6152797,6.9015503,6.7487206,-0.0780585333234572,-0.015100831011077271,0.12612819305987338,,-1.9187049,0.9279527,-3.780937
cPesiD3,Pla2g2D3,+,Pelodiscus sinensis,Pelodiscus sinensis,Pelodiscus,Trionychidae,Testudines,,9.269474,11.056213,8.024369,-0.09708398343488459,-0.012692595386669586,-0.03177694467898103,,6.3530526,-3.746543,0.43913138
cPesiD2,Pla2g2D2,+,Pelodiscus sinensis,Pelodiscus sinensis,Pelodiscus,Trionychidae,Testudines,(no exon 1),8.374169,9.983317,4.528876,-0.14594108730856928,-0.24916416037859612,-0.03604906519009683,,-0.9562987,-7.9052176,-0.22390923
cPesiD1,Pla2g2D1,+,Pelodiscus sinensis,Pelodiscus sinensis,Pelodiscus,Trionychidae,Testudines,,7.780715,9.509254,5.8186655,-0.13991244506401876,-0.12161934653979098,-0.008713428697756983,,0.58779025,-3.9442518,-0.33371165
cPesiE,Pla2g2E,+,Pelodiscus sinensis,Pelodiscus sinensis,Pelodiscus,Trionychidae,Testudines,,6.43226,10.376137,7.1107163,-0.13147446680655947,0.12916307410483133,-0.02483050944766926,,0.5605701,-2.8714032,3.0252843
mPhciC,Pla2g2C,+,Phascolarctos cinereus,Phascolarctos cinereus,Phascolarctos,Phascolarctidae,Diprotodontia,,8.690802,6.2107854,6.2953954,-0.03386298172745935,-0.058058119426080676,-0.004074464078665278,,-3.3875394,1.7835264,-1.1947131
mPhciF,Pla2g2F,-,Phascolarctos cinereus,Phascolarctos cinereus,Phascolarctos,Phascolarctidae,Diprotodontia,,3.3489451,5.0107083,9.250178,0.06539031027472984,0.39683746801313574,0.21590008279825113,,1.9174283,16.294928,3.169623
mPhciDb,Pla2g2D1,+,Phascolarctos cinereus,Phascolarctos cinereus,Phascolarctos,Phascolarctidae,Diprotodontia,,8.1254015,9.217158,8.00712,-0.03529656473593674,-0.02832225437122736,-0.034502735783471065,,4.967632,-0.26801792,-0.9147301
mPhciDa,Pla2g2D1,+,Phascolarctos cinereus,Phascolarctos cinereus,Phascolarctos,Phascolarctidae,Diprotodontia,,8.915226,8.601709,5.063817,-0.05079477587058538,-0.15053000037452238,0.049596591405898595,,-0.68329775,-6.1446357,-3.269637
mPhciV4,Pla2g2V2,+,Phascolarctos cinereus,Phascolarctos cinereus,Phascolarctos,Phascolarctidae,Diprotodontia,,,,,,,,,,,
mPhciV3,Pla2g2V2,+,Phascolarctos cinereus,Phascolarctos cinereus,Phascolarctos,Phascolarctidae,Diprotodontia,,9.20188,8.582235,4.503348,-0.1730175166326274,-0.2079986183526033,0.13257405760352922,,-2.6119254,-6.766183,-2.867179
mPhciV2,Pla2g2V2,+,Phascolarctos cinereus,Phascolarctos cinereus,Phascolarctos,Phascolarctidae,Diprotodontia,,8.669049,9.578282,4.241024,-0.18513903081145636,-0.29920905078962445,0.10050171408763361,,-2.5782769,-6.985797,-2.5462182
mPhciV1,Pla2g2V2,+,Phascolarctos cinereus,Phascolarctos cinereus,Phascolarctos,Phascolarctidae,Diprotodontia,,8.2389765,10.596536,3.428396,-0.16682715740331844,-0.4211804544483358,0.08737621359620616,,-5.186197,-10.743243,0.7976113
mPhciE,Pla2g2E,+,Phascolarctos cinereus,Phascolarctos cinereus,Phascolarctos,Phascolarctidae,Diprotodontia,,4.2384605,11.462513,8.043089,-0.049077808516091385,0.336551909339924,0.05199634617088441,,3.8251956,8.848331,9.301814
sPoviF,Pla2g2F,+,Pogona vitticeps,Pogona vitticeps,Pogona,Agamidae,Squamata,,5.2810183,6.820206,8.372378,0.2184790042530357,0.1853744419692274,0.15363502574083643,,1.5251971,8.327626,-1.3058223
sPoviD,Pla2g2D1,+,Pogona vitticeps,Pogona vitticeps,Pogona,Agamidae,Squamata,,9.602525,8.432268,6.1267934,-0.1371763476019729,-0.07904000576379876,0.0856660128865389,,1.6024442,-3.9576051,-5.404741
sPoviG0,Pla2g2G0,+,Pogona vitticeps,Pogona vitticeps,Pogona,Agamidae,Squamata,,,,,,,,,,,
sPoviE,Pla2g2E,+,Pogona vitticeps,Pogona vitticeps,Pogona,Agamidae,Squamata,,6.7668314,10.341062,7.41795,-0.08495694566377597,0.1624358636496329,-0.05392935871671365,,1.5705961,-2.4656157,2.932505
sPrflGck,Pla2g2,+,Protobothrops flavoviridis,Protobothrops flavoviridis,Protobothrops,Viperidae,Squamata,preGk (probably a pseudogene),9.99193,5.1058292,5.3767505,0.13032257971962555,-0.10649303992561782,0.012593560666432031,,-6.681486,4.1160593,-1.6778351
sPrflGk49,Pla2g2Gk,+,Protobothrops flavoviridis,Protobothrops flavoviridis,Protobothrops,Viperidae,Squamata,,9.118955,7.6069026,4.0697746,-0.07884554305386648,-0.22867787388275906,0.15687942991069878,,-6.4356384,-4.2955575,-3.958814
sPrflGb,Pla2g2Gb,+,Protobothrops flavoviridis,Protobothrops flavoviridis,Protobothrops,Viperidae,Squamata,,10.333386,8.098245,4.4968014,-0.17638921208439715,-0.11905562078525475,0.2082520554725931,,-2.8556185,-5.7729807,-6.090471
sPrflGa2,Pla2g2Ga,+,Protobothrops flavoviridis,Protobothrops flavoviridis,Protobothrops,Viperidae,Squamata,,10.245762,7.5493746,4.0472035,-0.2040846533898453,-0.1262649225274509,0.297164738967089,,-4.614289,-6.0347443,-5.335383
sPrflGa1,Pla2g2Ga,+,Protobothrops flavoviridis,Protobothrops flavoviridis,Protobothrops,Viperidae,Squamata,,10.162554,7.790243,3.8931837,-0.20044309400029395,-0.1310797360205151,0.28289500402898293,,-4.6004,-6.031705,-5.3736243
sPrflE,Pla2g2E,+,Protobothrops flavoviridis,Protobothrops flavoviridis,Protobothrops,Viperidae,Squamata,,5.200747,8.129718,10.15817,0.1831136740621035,0.30745981072385403,-0.13860817006035817,,3.6415813,7.7958217,2.0529828
sPrmuE,Pla2g2E,-,Protobothrops mucrosquamatus,Protobothrops mucrosquamatus,Protobothrops,Viperidae,Squamata,,5.3156433,8.397655,10.024736,0.1504292533890078,0.3007250702765402,-0.1458785725577948,,3.4729757,7.1505446,2.3211997
sPrmuGb,Pla2g2Gb,-,Protobothrops mucrosquamatus,Protobothrops mucrosquamatus,Protobothrops,Viperidae,Squamata,,10.092744,8.209769,4.368108,-0.1703587370290995,-0.09156231824527833,0.16606210114195727,,-2.8386266,-5.7834563,-5.9769063
sPrmuGk49,Pla2g2Gk,-,Protobothrops mucrosquamatus,Protobothrops mucrosquamatus,Protobothrops,Viperidae,Squamata,,9.3537655,7.3392053,4.186357,-0.04955887901507845,-0.14673223968717353,0.1384480004205575,,-6.3092127,-4.217341,-4.1211343
sPrmuGck,Pla2g2,-,Protobothrops mucrosquamatus,Protobothrops mucrosquamatus,Protobothrops,Viperidae,Squamata,preGk,10.40309,6.97704,4.0504837,-0.11615408373587566,-0.1026277653524337,0.2734906250799206,,-6.346168,-4.0483,-6.983116
sPrmuGa1,Pla2g2Ga,+,Protobothrops mucrosquamatus,Protobothrops mucrosquamatus,Protobothrops,Viperidae,Squamata,,10.465696,7.3340535,3.8883433,-0.15490851732222383,-0.0700992243878205,0.24332126176748992,,-5.1215296,-6.2409816,-6.8688335
sPrmuGa2,Pla2g2Ga,+,Protobothrops mucrosquamatus,Protobothrops mucrosquamatus,Protobothrops,Viperidae,Squamata,,11.041167,8.211043,3.4267914,-0.13810607857631482,-0.17445212384521153,0.24785963499902613,,-4.272134,-5.838748,-9.11803
sPrmuF,Pla2g2F,+,Protobothrops mucrosquamatus,Protobothrops mucrosquamatus,Protobothrops,Viperidae,Squamata,,6.1875424,6.4683113,7.217249,0.019011742350148218,0.11367351816097375,-0.010970727118343243,,-1.5320139,5.346665,-4.921221
sPsteF,Pla2g2F,-,Pseudonaja textilis,Pseudonaja textilis,Pseudonaja,Elapidae,Squamata,,6.7035956,6.1069345,6.8845706,-0.028829739666457292,0.017945440730345423,0.04536386929323312,,-2.3400865,4.265456,-6.0659533
sPsteD,Pla2g2D1,+,Pseudonaja textilis,Pseudonaja textilis,Pseudonaja,Elapidae,Squamata,,9.807422,10.507882,6.938871,0.04719691688010874,-0.20574264662081146,-0.2625495483001113,,4.6711783,-8.744496,1.2225676
sPsteGc,Pla2g2Gc,+,Pseudonaja textilis,Pseudonaja textilis,Pseudonaja,Elapidae,Squamata,,10.301257,7.140029,3.7333434,-0.13574478414629437,-0.05066557369851201,0.24372689013037513,,-6.5111785,-5.79488,-6.693707
sPsteE,Pla2g2E,+,Pseudonaja textilis,Pseudonaja textilis,Pseudonaja,Elapidae,Squamata,,5.09443,7.687458,9.987207,0.11071739660181437,0.2287823078994191,-0.1210244335828367,,1.4139045,8.321995,2.7219875
bPskrE,Pla2g2E,-,Psittacula krameri,Psittacula krameri,Psittacula,Psittacidae,Psittaciformes,,7.0842614,10.598788,3.6779494,-0.12742451414983882,-0.38137727061206794,-0.04585944175905049,,-2.5727663,-9.836154,2.9395192
bPskrB,Pla2g2B,-,Psittacula krameri,Psittacula krameri,Psittacula,Psittacidae,Psittaciformes,,2.950309,7.37349,7.477057,1.1087978307682718,-0.4363249249161277,-0.2058371781306798,,-6.024275,10.830826,1.5863868
bPskrD,Pla2g2D3,-,Psittacula krameri,Psittacula krameri,Psittacula,Psittacidae,Psittaciformes,,10.5414505,10.273915,6.557277,-0.10971778154398998,-0.22185698752891475,-0.1219696474155824,,5.043278,-9.591281,-2.414944
bPskrC,Pla2g2C,-,Psittacula krameri,Psittacula krameri,Psittacula,Psittacidae,Psittaciformes,,8.751414,7.7137375,7.4492545,-0.04018817125170889,0.1193176917367296,-0.003968821860719771,,2.078106,0.14968233,-3.3243823
mPtvaE,Pla2g2E,-,Pteropus vampyrus,Pteropus vampyrus,Pteropus,Pteropodidae,Chiroptera,(no exon 1),4.47175,11.109853,8.5000305,0.004409253841511885,0.32479773802064404,-0.041411568394700934,,3.672736,7.88111,7.6836944
mPtvaV,Pla2g2V1,+,Pteropus vampyrus,Pteropus vampyrus,Pteropus,Pteropodidae,Chiroptera,,10.332234,12.579093,7.3656535,-0.20530616925776943,-0.22703001351582713,0.008295176249869602,,10.250009,-5.51039,-1.7162527
mPtvaD,Pla2g2D1,-,Pteropus vampyrus,Pteropus vampyrus,Pteropus,Pteropodidae,Chiroptera,,7.268711,9.805384,9.490641,-0.015133940422737451,0.13551061137697037,-0.12468551747335443,,4.521513,2.4750485,1.8608264
mPtvaF,Pla2g2F,+,Pteropus vampyrus,Pteropus vampyrus,Pteropus,Pteropodidae,Chiroptera,,3.4906907,4.87717,9.474069,0.09407984086688478,0.3879324098661028,0.19525811767491,,2.4040487,15.390741,2.7173202
mPtvaC,Pla2g2C,-,Pteropus vampyrus,Pteropus vampyrus,Pteropus,Pteropodidae,Chiroptera,,9.543052,5.0223517,5.724415,0.0738544532060207,-0.027452934027224297,0.023059685218971535,,-6.659212,3.6606386,0.08600731
bPyadC,Pla2g2C,+,Pygoscelis adeliae,Pygoscelis adeliae,Pygoscelis,Spheniscidae,Sphenisciformes,,8.908671,7.3607965,7.045246,-0.08071719400254392,-0.03257306356050736,0.010772194494797471,,1.3184328,-1.5782895,-3.3584912
bPyadD,Pla2g2D3,+,Pygoscelis adeliae,Pygoscelis adeliae,Pygoscelis,Spheniscidae,Sphenisciformes,,10.731996,9.976327,6.2806983,-0.11701925958572695,-0.27920717114861815,-0.06601536860485888,,4.103248,-8.695124,-2.7509012
bPyadB,Pla2g2B,+,Pygoscelis adeliae,Pygoscelis adeliae,Pygoscelis,Spheniscidae,Sphenisciformes,,2.5224752,7.232201,7.477248,0.8210703751526478,-0.4252575869338721,-0.5651926334230405,,-6.8046417,11.212682,0.34206912
sPybiE,Pla2g2E,-,Python bivittatus,Python bivittatus,Python,Pythonidae,Squamata,,4.9350104,8.394231,10.064412,0.15025351026558412,0.2500898536845753,-0.13198411349024253,,2.2881322,6.716868,3.650914
sPybiF,Pla2g2F,+,Python bivittatus,Python bivittatus,Python,Pythonidae,Squamata,,6.1559668,6.4854784,7.001709,0.023535211633744692,0.008978711131437027,-0.07845960468402999,,-0.54903054,5.03317,-5.898484
mSahaC,Pla2g2C,+,Sarcophilus harrisii,Sarcophilus harrisii,Sarcophilus,Dasyuridae,Dasyuromorphia,,9.032525,5.4596357,6.0186906,0.012417758181381473,-0.005213877664739717,0.011440578858932036,,-3.4786565,1.8904569,-1.0910954
mSahaF,Pla2g2F,-,Sarcophilus harrisii,Sarcophilus harrisii,Sarcophilus,Dasyuridae,Dasyuromorphia,,3.51451,4.781875,9.303325,0.08411773010040269,0.38161705889326153,0.17004534132793353,,1.3328787,16.75803,3.0466154
mSahaD,Pla2g2D1,+,Sarcophilus harrisii,Sarcophilus harrisii,Sarcophilus,Dasyuridae,Dasyuromorphia,,7.906489,9.539447,8.106282,-0.13059760946979193,-0.0143216521485243,0.03478887230258826,,4.412987,-1.0724787,-0.64404094
mSahaV5,Pla2g2V1,-,Sarcophilus harrisii,Sarcophilus harrisii,Sarcophilus,Dasyuridae,Dasyuromorphia,,8.176898,7.4786263,7.2782655,-0.0013367919748370817,0.10325773284282831,0.08331835219504162,,0.16449596,0.71632105,-2.9181
mSahaV4,Pla2g2V2,+,Sarcophilus harrisii,Sarcophilus harrisii,Sarcophilus,Dasyuridae,Dasyuromorphia,,8.20795,9.469993,4.8421755,-0.16276637090870066,-0.14437481853442163,0.06298486474028785,,-2.205796,-6.2819123,-1.4612994
mSahaV2,Pla2g2V1,+,Sarcophilus harrisii,Sarcophilus harrisii,Sarcophilus,Dasyuridae,Dasyuromorphia,,7.7057986,10.519882,3.7906947,-0.19746763069248482,-0.3477334987188408,0.045650033553146535,,-4.39719,-9.349137,2.163941
mSahaE,Pla2g2E,-,Sarcophilus harrisii,Sarcophilus harrisii,Sarcophilus,Dasyuridae,Dasyuromorphia,,4.2918696,11.353694,8.1500025,-0.06665627574162636,0.2978390958861123,0.07105075537586734,,3.7569702,8.860148,9.321152
mSahaV1,Pla2g2V2,-,Sarcophilus harrisii,Sarcophilus harrisii,Sarcophilus,Dasyuridae,Dasyuromorphia,,7.4517612,10.311879,3.6829555,-0.1973740983623566,-0.27934834034755635,0.05799968390318091,,-4.2125854,-8.983617,1.9289873
bSecoE,Pla2g2E,-,Setophaga coronata coronata,Setophaga coronata,Setophaga,Parulidae,Passeriformes,,7.5368853,10.681705,3.4949486,-0.18786799573116728,-0.4951976931504073,0.03966905483610892,,-3.4673038,-10.786262,2.811486
bSecoD,Pla2g2D3,-,Setophaga coronata coronata,Setophaga coronata,Setophaga,Parulidae,Passeriformes,,10.203046,10.768743,7.183302,-0.08692249233325404,-0.037085783723549565,-0.16824048128647132,,6.6447024,-9.068619,-1.4804496
mSoarE,Pla2g2E,-,Sorex araneus,Sorex araneus,Sorex,Soricidae,Eulipotyphla,,4.1755033,11.924214,8.936774,-0.005659759716716115,0.23163666132764937,-0.13763270750590648,,5.5006337,5.598051,8.8368635
mSoarA2,Pla2g2A,+,Sorex araneus,Sorex araneus,Sorex,Soricidae,Eulipotyphla,,8.590519,8.152028,4.808145,-0.04797016100252044,-0.1569922218697884,0.07353468472778928,,-4.0462937,-3.4857183,-2.513282
mSoarA3,Pla2g2A,-,Sorex araneus,Sorex araneus,Sorex,Soricidae,Eulipotyphla,,8.159465,10.506659,3.1844873,-0.18058596199272206,-0.43927142812755277,0.10704221431039351,,-4.646844,-11.045406,0.2787239
mSoarV,Pla2g2V1,+,Sorex araneus,Sorex araneus,Sorex,Soricidae,Eulipotyphla,,10.412301,12.169391,7.478576,-0.12126905780551066,-0.09873182151537133,-0.2151948472737547,,6.999428,-7.4163356,0.5761223
mSoarD,Pla2g2D1,-,Sorex araneus,Sorex araneus,Sorex,Soricidae,Eulipotyphla,,7.8688807,9.312347,8.68046,-0.03302434984358314,0.09380041812018411,-0.05845405822403194,,5.1939583,0.7891693,0.11375378
mSoarF,Pla2g2F,+,Sorex araneus,Sorex araneus,Sorex,Soricidae,Eulipotyphla,,3.6346557,4.6141725,9.7177305,0.07867550466399831,0.4259120188415262,0.17737758115776714,,1.2782581,16.406652,1.8121308
mSoarC,Pla2g2C,-,Sorex araneus,Sorex araneus,Sorex,Soricidae,Eulipotyphla,,9.514551,3.8798327,5.806308,0.10647347105962877,0.07113877839408049,-0.10380424922909923,,-4.4587564,4.8677025,1.6709757
bStocE,Pla2g2E,-,Strix occidentalis caurina,Strix occidentalis,Strix,Strigidae,Strigiformes,,7.208716,10.615299,4.018263,-0.15501195392934475,-0.2621147913976319,-0.01145685385552485,,-2.518673,-8.595898,2.8113344
bStocB,Pla2g2B,-,Strix occidentalis caurina,Strix occidentalis,Strix,Strigidae,Strigiformes,,2.820879,6.988767,7.507761,0.8395025879654091,-0.3290444965283319,-0.6217301071693114,,-7.4878836,10.047682,-0.2440507
bStocD,Pla2g2D3,-,Strix occidentalis caurina,Strix occidentalis,Strix,Strigidae,Strigiformes,,11.000268,10.490814,5.794011,-0.1852295879428974,-0.42564983670128265,-0.0765747211129943,,3.5739415,-10.674892,-2.385136
bStocC,Pla2g2C,-,Strix occidentalis caurina,Strix occidentalis,Strix,Strigidae,Strigiformes,,8.718258,7.6205583,6.9383593,-0.0936525610717565,-0.024600404510771504,0.04827623388326871,,0.85018563,-1.158849,-3.4217904
sThbaF,Pla2g2F,-,Thermophis baileyi,Thermophis baileyi,Thermophis,Dipsadidae,Squamata,,,,,,,,,,,
sThbaD,Pla2g2D1,+,Thermophis baileyi,Thermophis baileyi,Thermophis,Dipsadidae,Squamata,,,,,,,,,,,
sThbaGc,Pla2g2Gc,+,Thermophis baileyi,Thermophis baileyi,Thermophis,Dipsadidae,Squamata,,,,,,,,,,,
sThbaE,Pla2g2E,+,Thermophis baileyi,Thermophis baileyi,Thermophis,Dipsadidae,Squamata,,,,,,,,,,,
mTrmaC,Pla2g2C,+,Trichechus manatus latirostris,Trichechus manatus,Trichechus,Trichechidae,Sirenia,,9.968874,4.873859,5.9683046,0.11288365820405444,0.025550611267016354,-0.04287804521372946,,-6.0614433,4.151552,0.74460083
mTrmaF,Pla2g2F,-,Trichechus manatus latirostris,Trichechus manatus,Trichechus,Trichechidae,Sirenia,,3.6898339,5.797276,9.638676,0.1720952962869666,0.3775626469480348,0.16040284718036663,,2.3815646,16.809542,0.55993253
mTrmaD,Pla2g2D1,+,Trichechus manatus latirostris,Trichechus manatus,Trichechus,Trichechidae,Sirenia,,7.951786,9.892859,8.745425,-0.107462453304088,0.052209527217376324,-0.0813848298375859,,6.0386267,0.28857318,1.0962611
mTrmaV,Pla2g2V1,-,Trichechus manatus latirostris,Trichechus manatus,Trichechus,Trichechidae,Sirenia,,10.525555,12.87571,7.7126245,-0.19696812835037011,-0.1650848837810195,-0.047296472256641436,,10.098797,-5.2865615,-1.0446471
mTrmaA2,Pla2g2A,+,Trichechus manatus latirostris,Trichechus manatus,Trichechus,Trichechidae,Sirenia,,7.1701627,9.407156,5.653827,-0.11165253554232313,0.0044396704098750486,-0.020750479677440765,,-0.7308547,-4.3512287,1.4505316
mTrmaE,Pla2g2E,+,Trichechus manatus latirostris,Trichechus manatus,Trichechus,Trichechidae,Sirenia,,4.8523684,11.79381,9.052568,0.026491256956660193,0.12185981223899216,-0.12612852420326226,,2.6477978,4.7097874,6.9468913
bUrpeC,Pla2g2C,+,Phalacrocorax,None,Phalacrocorax,Phalacrocoracidae,Pelecaniformes,,9.084876,8.153043,7.0650444,-0.11420547863869183,-0.03781049072099671,0.0006388522605316662,,2.2297478,-1.8824295,-3.4890916
bUrpeD,Pla2g2D3,+,Phalacrocorax,None,Phalacrocorax,Phalacrocoracidae,Pelecaniformes,,10.848618,10.118276,5.9943533,-0.1625312911489327,-0.31411034127813664,-0.05976057625544082,,4.1818194,-9.63356,-3.3002698
bUrpeB,Pla2g2B,+,Phalacrocorax,None,Phalacrocorax,Phalacrocoracidae,Pelecaniformes,,2.5665016,7.1328197,7.765062,0.8771944128371995,-0.31701296136033075,-0.6155307288415971,,-7.707137,10.9473295,-0.0123584
mUrmaC,Pla2g2C,+,Ursus maritimus,Ursus maritimus,Ursus,Ursidae,Carnivora,,9.681931,4.6425033,5.4360704,0.12948129132826108,0.02686797072552294,-0.10674272714234309,,-6.6180987,5.3449297,1.5911311
mUrmaD,Pla2g2D1,+,Ursus maritimus,Ursus maritimus,Ursus,Ursidae,Carnivora,,7.669803,10.139821,9.308941,-0.08534888000419896,0.07112328352879825,-0.1002866019359361,,5.1400037,0.87316656,2.1334531
mUrmaV,Pla2g2V1,-,Ursus maritimus,Ursus maritimus,Ursus,Ursidae,Carnivora,,10.038856,12.448971,8.100541,-0.14778451922936167,-0.05373666788812552,-0.12207606171860622,,9.587335,-5.151656,0.4041408
sVibeEa,Pla2g2E,-,Vipera berus berus,Vipera berus,Vipera,Viperidae,Squamata,,5.3723106,8.477826,9.807855,0.1517106228621546,0.2795385510203429,-0.1629885464133799,,3.3974724,6.802348,3.0701466
sVibeGa1,Pla2g2Ga,-,Vipera berus berus,Vipera berus,Vipera,Viperidae,Squamata,,10.385468,8.321282,3.8068423,-0.21963281386702094,-0.11996935362775502,0.2568732345175036,,-3.789059,-7.810737,-6.604217
sVibeGa2,Pla2g2Ga,-,Vipera berus berus,Vipera berus,Vipera,Viperidae,Squamata,,9.258039,8.996909,4.1217675,-0.19846134863678064,-0.22509342082352243,0.17560008535523527,,-3.4807594,-8.481535,-5.5709457
sVibeGa4,Pla2g2Ga,+,Vipera berus berus,Vipera berus,Vipera,Viperidae,Squamata,,10.720843,8.377471,3.9668312,-0.1742457471168543,-0.11386916528246761,0.24110607990584643,,-3.0589817,-7.6817675,-7.2218046
sVibeF,Pla2g2F,+,Vipera berus berus,Vipera berus,Vipera,Viperidae,Squamata,,6.8823385,6.463587,7.4219384,0.05544552402872758,0.07406235433764319,0.027462079104475883,,-2.5709624,4.2401075,-4.2471113
Xela,Pla2g2,-,Xenopus laevis,Xenopus laevis,Xenopus,Pipidae,Anura,preg2,4.9341807,5.703039,9.11458,0.01499689863525889,0.20779397094150745,0.038551896161617596,24.487163803191965,2.1483512,12.977786,5.4213552
