uid,gene,strand,taxa_name,species,genus,family,order,x_umap_2D,y_umap_2D,x_umap_3D,y_umap_3D,z_umap_3D,x_pca_3D,y_pca_3D,z_pca_3D,variance,x_tsne_2D,y_tsne_2D,x_tsne_3D,y_tsne_3D,z_tsne_3D
mAimeC,Pla2g2C,+,Ailuropoda melanoleuca,Ailuropoda melanoleuca,Ailuropoda,Ursidae,Carnivora,9.113708,-5.425851,7.3819375,-7.8512387,2.6330264,3.2376497,0.5784551,-0.8140229,,0.12108831,-41.279816,-1.3173307,-18.445734,5.2918077
mAimeF,Pla2g2F,-,Ailuropoda melanoleuca,Ailuropoda melanoleuca,Ailuropoda,Ursidae,Carnivora,11.736004,16.796339,8.468085,15.938794,10.851309,-1.0745838,0.063514456,-0.49690336,,10.526156,22.343176,-3.0960212,12.84711,-6.40485
mAimeDb,Pla2g2D1,+,Ailuropoda melanoleuca,Ailuropoda melanoleuca,Ailuropoda,Ursidae,Carnivora,7.1659245,9.545668,11.649827,17.06181,5.4021506,-0.19024494,-0.1512165,-0.06782091,,-7.30807,1.231875,5.0365434,-1.7608564,-0.06800508
mAimeDa,Pla2g2D1,+,Ailuropoda melanoleuca,Ailuropoda melanoleuca,Ailuropoda,Ursidae,Carnivora,7.359368,9.772992,11.767549,16.948177,5.651899,-0.19024494,-0.1512165,-0.06782091,,-7.3077455,1.2320933,5.036545,-1.7607856,-0.06809315
mAimeV,Pla2g2V1,-,Ailuropoda melanoleuca,Ailuropoda melanoleuca,Ailuropoda,Ursidae,Carnivora,,,,,,,,,,,,,,
mAimeE,Pla2g2E,+,Ailuropoda melanoleuca,Ailuropoda melanoleuca,Ailuropoda,Ursidae,Carnivora,12.129485,8.377342,12.343516,10.547035,2.583252,2.0199645,0.24689397,0.656439,,0.99304575,-26.880325,-1.8852289,-9.8630295,8.674237
mAifuE,Pla2g2E,-,Ailurus styani,Ailurus styani,Ailurus,Ailuridae,Carnivora,11.673947,8.488407,12.055596,10.644218,2.9456375,1.7046931,0.11216339,0.56950814,,0.84774625,-25.906975,-1.9714533,-9.042788,8.068562
mAifuV,Pla2g2V1,+,Ailurus styani,Ailurus styani,Ailurus,Ailuridae,Carnivora,6.02452,16.550556,7.449348,17.889055,6.703796,-0.7875942,-0.099788025,0.034853943,,-1.1109916,8.832341,1.6281527,5.62294,0.36124128
mAifuD,Pla2g2D1,-,Ailurus styani,Ailurus styani,Ailurus,Ailuridae,Carnivora,7.1901693,9.892053,11.735657,16.900671,5.1251116,-0.025544712,-0.30186158,0.031650618,,-7.250749,0.79347235,4.826273,-2.2273874,0.22187352
mAifuF,Pla2g2F,+,Ailurus styani,Ailurus styani,Ailurus,Ailuridae,Carnivora,11.534751,17.135988,8.867326,16.496834,11.037501,-1.1740279,0.20808263,-0.48164347,,9.95336,20.88171,-1.7761893,12.279889,-5.9251423
mAifuC,Pla2g2C,-,Ailurus styani,Ailurus styani,Ailurus,Ailuridae,Carnivora,9.940294,-6.268939,8.209696,-8.365494,2.759326,2.5415466,0.4623152,-0.9225853,,-1.2886195,-38.923374,0.7659433,-16.178406,5.451885
cAlmiC,Pla2g2C,+,Alligator mississippiensis,Alligator mississippiensis,Alligator,Alligatoridae,Crocodylia,4.945161,13.10968,9.994452,17.168182,3.898516,-0.024536902,-0.2978095,0.5806151,,-3.2238414,-6.6495056,-3.75794,-4.6436057,-4.3275023
cAlmiD3,Pla2g2D3,+,Alligator mississippiensis,Alligator mississippiensis,Alligator,Alligatoridae,Crocodylia,5.4760838,15.743746,7.778731,16.982765,5.669602,-0.43827644,-0.48750174,-0.15226096,,-18.436214,2.2729678,3.9817982,3.4857903,-4.818077
cAlmiD1,Pla2g2D1,+,Alligator mississippiensis,Alligator mississippiensis,Alligator,Alligatoridae,Crocodylia,7.801201,11.937066,10.721524,16.649445,6.6638546,-0.38856798,-0.2325859,-0.33733904,,4.6397905,4.471529,2.425479,-0.75547296,-4.9036994
cAlmiE,Pla2g2E,+,Alligator mississippiensis,Alligator mississippiensis,Alligator,Alligatoridae,Crocodylia,8.717977,13.527953,9.667204,14.752084,6.207314,-0.451638,-0.52511346,-0.2411302,,13.891828,-0.17016616,-7.613903,1.2304729,1.870805
cAlsiD1,Pla2g2D1,-,Alligator sinensis,Alligator sinensis,Alligator,Alligatoridae,Crocodylia,,,,,,,,,,,,,,
cAlsiD3,Pla2g2D3,-,Alligator sinensis,Alligator sinensis,Alligator,Alligatoridae,Crocodylia,5.3040433,16.138752,7.6560426,17.263218,5.8296995,-0.5301557,-0.4110651,-0.16497663,,-18.439325,2.2904968,3.9511669,3.5092106,-4.8206444
cAlsiC,Pla2g2C,-,Alligator sinensis,Alligator sinensis,Alligator,Alligatoridae,Crocodylia,5.6930566,13.617017,9.708998,17.33,4.652901,-0.6891406,-0.19378963,0.39114732,,-2.869875,-5.28294,-2.9794657,-3.233568,-4.6972804
bAnplC,Pla2g2C,+,Anas platyrhynchos platyrhynchos,Anas platyrhynchos,Anas,Anatidae,Anseriformes,14.76052,15.292231,7.3005586,12.662375,1.0569052,0.2890842,0.27491122,0.34499577,,-12.4953375,-10.386964,4.091937,-10.012621,0.4494341
bAnplD,Pla2g2D3,+,Anas platyrhynchos platyrhynchos,Anas platyrhynchos,Anas,Anatidae,Anseriformes,3.6456263,15.488749,7.0213575,17.34087,4.1876717,-0.43057823,0.25495777,0.518049,,-14.255525,-2.5698557,4.51584,3.3449087,4.4360757
bAnplB,Pla2g2B,+,Anas platyrhynchos platyrhynchos,Anas platyrhynchos,Anas,Anatidae,Anseriformes,-5.675261,23.49099,-1.0886703,1.816285,2.0527177,-1.084583,2.7286985,0.31236634,,-6.1941705,28.855572,8.804237,10.154067,-2.280689
bAnplE,Pla2g2E,+,Anas platyrhynchos platyrhynchos,Anas platyrhynchos,Anas,Anatidae,Anseriformes,4.9042397,12.10862,10.375592,16.149708,3.1624606,0.33321422,-0.15769161,0.8879839,,1.5487771,-14.074003,-2.9105337,-6.7192554,0.8186791
bAncyE,Pla2g2E,-,Anser cygnoid,Anser cygnoid,Anser,Anatidae,Anseriformes,5.553591,12.410419,9.876791,16.092627,3.634773,0.10569442,-0.4354431,0.30668935,,1.774038,-9.710337,-2.0896835,-6.049169,-0.18932651
bAncyB,Pla2g2B,-,Anser cygnoid,Anser cygnoid,Anser,Anatidae,Anseriformes,-5.6354327,23.464386,-1.1483239,1.5351411,2.0957246,-1.3166234,2.7026985,0.19852042,11.870516836643219,-6.0122914,29.175097,8.380304,9.697075,-2.0613873
bAncyD,Pla2g2D3,-,Anser cygnoid,Anser cygnoid,Anser,Anatidae,Anseriformes,3.5248525,15.50459,6.8159313,17.549238,4.1472297,-0.39459366,0.19147131,0.66520715,,-14.402137,-2.595102,4.408285,3.2719634,4.5381265
bAncyC,Pla2g2C,-,Anser cygnoid,Anser cygnoid,Anser,Anatidae,Anseriformes,14.735101,15.425306,7.2554436,12.776173,0.8726432,0.22164106,0.2721776,0.25042993,7.6496422290802,-12.478459,-10.285959,4.4259977,-9.893525,0.535072
bApfoE,Pla2g2E,-,Aptenodytes forsteri,Aptenodytes forsteri,Aptenodytes,Spheniscidae,Sphenisciformes,5.3298545,11.305217,10.699635,15.246159,2.9600449,1.0233796,-0.44580954,0.6862607,,0.3508959,-14.825502,-2.885759,-7.1494784,2.690355
bApfoB,Pla2g2B,-,Aptenodytes forsteri,Aptenodytes forsteri,Aptenodytes,Spheniscidae,Sphenisciformes,-5.5321255,23.032953,-1.3432328,1.6673921,1.6681336,-1.2980331,2.2737825,0.517704,,-5.363635,28.289818,7.5187893,9.908166,-2.832605
bApfoD,Pla2g2D3,-,Aptenodytes forsteri,Aptenodytes forsteri,Aptenodytes,Spheniscidae,Sphenisciformes,3.2092175,16.115828,6.7760434,18.025581,4.327485,-0.08298417,-0.15385707,0.5556649,,-16.498392,-2.7907844,3.0677543,1.7125106,5.705399
bApfoC,Pla2g2C,-,Aptenodytes forsteri,Aptenodytes forsteri,Aptenodytes,Spheniscidae,Sphenisciformes,15.263385,15.209635,7.5589232,13.016246,1.0029554,0.30204374,-0.08347584,0.16931383,,-10.563549,-10.120037,3.1434658,-8.5614395,1.3379041
bApauC,Pla2g2C,+,Apteryx mantelli mantelli,Apteryx mantelli,Apteryx,Apterygidae,Apterygiformes,15.207304,15.216676,7.64927,13.080211,0.855879,0.14025968,0.12974836,0.07408123,,-11.365182,-9.445878,4.3513465,-8.488141,0.4772821
bAqchB,Pla2g2B,-,Aquila chrysaetos canadensis,Aquila chrysaetos,Aquila,Accipitridae,Accipitriformes,-5.3966637,23.548016,-1.3352739,1.5282754,1.5204436,-1.3023514,2.285006,0.3073525,,-5.8459744,28.122936,7.824852,10.655042,-2.0971944
bAqchD,Pla2g2D3,-,Aquila chrysaetos canadensis,Aquila chrysaetos,Aquila,Accipitridae,Accipitriformes,3.7164817,15.941087,6.9218936,17.501137,4.4410205,-0.14851849,-0.06205141,0.46633872,,-16.016233,-2.4462538,3.351911,2.062956,5.060948
bAqchC,Pla2g2C,-,Aquila chrysaetos canadensis,Aquila chrysaetos,Aquila,Accipitridae,Accipitriformes,15.3540535,15.3046255,7.587698,12.671876,0.95302945,0.2963713,0.034208726,0.112229116,,-10.824897,-10.413347,3.9542422,-8.496931,1.8181334
bBareC,Pla2g2C,+,Balearica regulorum gibbericeps,Balearica regulorum,Balearica,Gruidae,Gruiformes,14.914429,15.520587,7.590048,12.532014,0.91143054,0.40959567,0.056074604,0.20961265,,-11.221158,-10.698963,3.2970529,-9.281117,1.5160401
bBareD,Pla2g2D3,+,Balearica regulorum gibbericeps,Balearica regulorum,Balearica,Gruidae,Gruiformes,3.820771,16.167793,6.848637,17.878912,4.7674913,-0.38234892,0.09483142,0.34366158,,-15.729162,-1.3504034,3.191075,2.479172,3.835743
bBareB,Pla2g2B,+,Balearica regulorum gibbericeps,Balearica regulorum,Balearica,Gruidae,Gruiformes,-5.6258574,23.095959,-1.0989213,1.7107121,1.6833147,-1.5045283,2.1392763,0.32107133,,-4.673522,28.342655,7.059571,10.798578,-2.7963192
bBareE,Pla2g2E,+,Balearica regulorum gibbericeps,Balearica regulorum,Balearica,Gruidae,Gruiformes,5.360859,11.486423,10.657206,15.369987,3.2456846,0.6129014,-0.4452556,0.61872655,,0.5348131,-14.402077,-2.5810838,-6.7644587,2.369689
mBibiE,Pla2g2E,-,Bison bison bison,Bison bison,Bison,Bovidae,Artiodactyla,12.388407,7.354983,13.356165,10.418905,2.5530748,2.7781777,0.117286235,0.66015184,,1.4329522,-29.203651,-2.6805487,-12.057679,9.447532
mBibiA2,Pla2g2A,-,Bison bison bison,Bison bison,Bison,Bovidae,Artiodactyla,6.7508674,15.297692,9.200265,17.232347,6.346722,-0.59381646,-0.30485004,0.07147285,,0.80321884,3.4798884,-0.15444453,1.4955946,-3.0859025
mBibiA3,Pla2g2A,-,Bison bison bison,Bison bison,Bison,Bovidae,Artiodactyla,6.851681,14.174567,9.598121,16.821814,5.425889,-0.41273582,-0.396305,0.2575463,,1.3960125,-1.0708586,-1.767554,-0.39418048,-1.2766367
mBibiA4,Pla2g2A,-,Bison bison bison,Bison bison,Bison,Bovidae,Artiodactyla,5.5835004,13.103405,10.190945,16.747776,4.4293346,0.039126735,-0.20254615,0.5486184,,-1.6021706,-3.8242137,-0.60943544,-2.9179983,-1.3430442
mBibiDa,Pla2g2D1,-,Bison bison bison,Bison bison,Bison,Bovidae,Artiodactyla,7.969095,9.554207,12.226731,16.454393,6.0284767,-0.008379736,0.0060661547,-0.3668482,,-4.6663995,2.416115,6.182126,-3.3861816,-3.667222
mBibiDb,Pla2g2D1,-,Bison bison bison,Bison bison,Bison,Bovidae,Artiodactyla,8.282543,9.908385,11.962215,16.287676,6.231745,-0.07044501,-0.01063348,-0.39856753,,-5.062317,2.6052554,6.1774893,-2.6546273,-3.2594721
mBibiF,Pla2g2F,+,Bison bison bison,Bison bison,Bison,Bovidae,Artiodactyla,11.314751,16.494564,8.269331,15.848832,10.441782,-1.0079039,-0.07538529,-0.45213848,,10.078737,23.159012,-3.6875896,11.649966,-6.729104
mBibiC,Pla2g2C,-,Bison bison bison,Bison bison,Bison,Bovidae,Artiodactyla,9.671909,-5.956914,7.764093,-8.604552,2.9241502,2.977702,0.5308717,-0.75867456,,-1.6381862,-40.22854,-0.2525252,-16.805193,4.3179913
sBocoGo,Pla2g2G0,-,Boa constrictor constrictor,Boa constrictor,Boa,Boidae,Squamata,9.333413,13.53587,9.191249,13.946722,6.407392,-0.22426672,-0.41792396,-0.34353405,,11.25095,-1.7940562,-4.5379634,1.5811011,4.168026
sBocoD,Pla2g2D1,+,Boa constrictor constrictor,Boa constrictor,Boa,Boidae,Squamata,4.5847373,14.786058,8.035741,16.706709,4.6237197,-0.20447099,-0.10712603,0.326694,,-12.996131,0.15502882,4.3199644,1.3092587,1.863171
sBocoE,Pla2g2E,+,Boa constrictor constrictor,Boa constrictor,Boa,Boidae,Squamata,0.9996023,12.849047,3.8543656,11.991771,3.32756,-0.2311637,0.35805476,0.24545197,,-14.839409,7.428822,10.266358,1.8775529,-0.19177811
sBocoF,Pla2g2F,+,Boa constrictor constrictor,Boa constrictor,Boa,Boidae,Squamata,9.011286,20.516283,11.580675,17.8733,8.470365,-0.7163462,-0.025695499,-0.08071218,,-2.5446746,16.65844,-1.6486834,4.208171,-9.058907
mBotaC,Pla2g2C,+,Bos taurus,Bos taurus,Bos,Bovidae,Artiodactyla,9.880639,-5.7238445,7.77767,-8.579591,2.8591104,3.025673,0.5561697,-0.7665368,,-1.3188566,-40.531013,-0.868374,-17.295942,4.3361464
mBotaF,Pla2g2F,-,Bos taurus,Bos taurus,Bos,Bovidae,Artiodactyla,11.568091,16.600183,8.304223,15.797493,10.561976,-1.1135129,0.03177677,-0.49093226,,9.863627,22.388893,-2.98184,11.651372,-6.484983
mBotaDb,Pla2g2D1,+,Bos taurus,Bos taurus,Bos,Bovidae,Artiodactyla,8.0884905,9.797512,11.880018,16.232704,6.263557,-0.31524634,0.03905243,-0.4569058,,-4.786799,3.3714528,6.4413304,-2.0343528,-3.4895809
mBotaDa,Pla2g2D1,+,Bos taurus,Bos taurus,Bos,Bovidae,Artiodactyla,8.130723,9.721902,12.148131,16.437788,6.135922,-0.010366956,0.03623238,-0.37635538,,-4.606386,2.4009154,6.222036,-3.4397154,-3.7032983
mBotaV,Pla2g2V1,-,Bos taurus,Bos taurus,Bos,Bovidae,Artiodactyla,5.6494713,17.251474,7.0538507,17.233536,7.1419044,-0.77896273,-0.019592825,-0.21998292,,-3.0127943,10.429916,3.5408022,5.35538,-2.042722
mBotaA5,Pla2g2A,+,Bos taurus,Bos taurus,Bos,Bovidae,Artiodactyla,9.497574,16.509914,9.295947,15.945644,8.678546,-1.4657204,0.07929749,-0.55137706,,9.936543,13.468538,-3.2896414,8.802355,-1.777064
mBotaA3,Pla2g2A,+,Bos taurus,Bos taurus,Bos,Bovidae,Artiodactyla,6.5273433,15.229317,8.967424,17.048489,6.309703,-0.59381646,-0.30485004,0.07147285,,0.8032552,3.4798741,-0.15445861,1.4955946,-3.0858822
mBotaA,Pla2g2A,+,Bos taurus,Bos taurus,Bos,Bovidae,Artiodactyla,6.6615176,14.140774,9.594163,16.704191,5.5087786,-0.4383512,-0.44673884,0.25210842,,1.4164329,-1.0840437,-1.7634364,-0.40450886,-1.2792448
mCaluC,Pla2g2C,+,Canis lupus familiaris,Canis lupus,Canis,Canidae,Carnivora,9.207093,-5.841132,7.905728,-7.9393234,2.229206,3.0341997,0.5005709,-0.9227684,,0.039089527,-40.60291,0.12429047,-18.074057,6.1818953
mCaluF,Pla2g2F,-,Canis lupus familiaris,Canis lupus,Canis,Canidae,Carnivora,12.0244055,17.353188,8.769761,15.836669,11.25983,-1.2505105,0.0022984196,-0.59495115,,10.946065,20.634914,-1.930253,13.302096,-5.061739
mCaluD1,Pla2g2D1,+,Canis lupus familiaris,Canis lupus,Canis,Canidae,Carnivora,,,,,,,,,,,,,,
mCaluV,Pla2g2V1,-,Canis lupus familiaris,Canis lupus,Canis,Canidae,Carnivora,6.2763414,16.973774,7.540844,17.826305,6.913017,-0.6587879,-0.06771905,0.06350847,,-1.5863297,8.975642,2.2001355,5.3896437,-0.7751596
mCaluE,Pla2g2E,+,Canis lupus familiaris,Canis lupus,Canis,Canidae,Carnivora,12.253612,8.076255,12.519808,10.432553,2.7661161,2.0949922,0.2663313,0.7644044,,0.8724747,-27.401365,-2.405127,-10.2673235,8.985528
mCahiE,Pla2g2E,-,Capra hircus,Capra hircus,Capra,Bovidae,Artiodactyla,12.241226,7.546714,13.2866335,10.582236,2.5722654,2.388315,0.26370624,0.7243531,,1.6202493,-28.454405,-3.0276878,-11.2700815,9.054278
mCahiA,Pla2g2A,-,Capra hircus,Capra hircus,Capra,Bovidae,Artiodactyla,6.9754577,14.5694685,9.301484,16.76151,5.894581,-0.4887047,-0.26170528,0.10332465,,1.3469408,0.025111804,-2.0797517,0.545321,-1.9322301
mCahiA2,Pla2g2A,-,Capra hircus,Capra hircus,Capra,Bovidae,Artiodactyla,6.674849,15.425679,8.815145,17.106558,6.035994,-0.6301641,-0.25508982,0.14706442,,1.0308412,2.8923192,-0.87561566,1.5614622,-3.6320083
mCahiA4,Pla2g2A,-,Capra hircus,Capra hircus,Capra,Bovidae,Artiodactyla,9.702206,16.801584,9.249099,16.184786,9.102621,-2.0229707,0.696428,-0.7769745,,10.003251,13.56369,-3.2967486,8.89512,-1.7392099
mCahiA5,Pla2g2A,-,Capra hircus,Capra hircus,Capra,Bovidae,Artiodactyla,6.1220045,14.532101,9.843944,17.248266,5.75792,-0.68120635,-0.02455608,0.16410013,,-0.52300304,-2.8366604,-0.7673901,-1.6598974,-2.9530542
mCahiV,Pla2g2V1,+,Capra hircus,Capra hircus,Capra,Bovidae,Artiodactyla,5.113934,17.058567,6.774508,17.762115,6.851866,-0.54400027,0.10763521,0.0047641965,,-3.497981,9.735744,3.997823,4.9259267,-1.2128047
mCahiDa,Pla2g2D1,-,Capra hircus,Capra hircus,Capra,Bovidae,Artiodactyla,8.283856,10.039948,11.539453,16.50077,6.270622,-0.3470627,-0.17910516,-0.27654678,,-5.5862064,2.9606335,5.14148,-2.473295,-3.4057949
mCahiDb,Pla2g2D1,-,Capra hircus,Capra hircus,Capra,Bovidae,Artiodactyla,7.8555183,9.782562,11.906103,16.409138,5.7944093,-0.07826521,-0.19402649,-0.1784194,,-6.0387745,1.942592,5.3703995,-2.611811,-2.2825317
mCahiF,Pla2g2F,+,Capra hircus,Capra hircus,Capra,Bovidae,Artiodactyla,11.461576,16.373844,8.098325,15.56551,10.6354885,-1.0003451,0.122266814,-0.42843524,,9.192226,22.762796,-2.5903802,11.777827,-7.5247045
mCahiC,Pla2g2C,-,Capra hircus,Capra hircus,Capra,Bovidae,Artiodactyla,9.948608,-5.854782,7.632515,-8.58619,2.7592604,2.8939188,0.48599562,-0.8452182,,-1.3327624,-40.0822,-0.03013273,-16.856916,4.8657646
cChmyD1,Pla2g2D1,-,Chelonia mydas,Chelonia mydas,Chelonia,Cheloniidae,Testudines,6.897951,10.685527,11.954726,15.842791,4.970284,0.38852,-0.030880524,0.020397432,,7.8355956,-10.69341,3.7177472,-4.5988464,3.0466104
cChmyD3,Pla2g2D3,-,Chelonia mydas,Chelonia mydas,Chelonia,Cheloniidae,Testudines,6.6470904,13.602498,9.059267,16.123537,5.23403,-0.15918718,-0.6176198,0.017318558,,-1.4167113,0.48136884,1.2805494,-0.19290538,0.023150237
cChmyF,Pla2g2F,+,Chelonia mydas,Chelonia mydas,Chelonia,Cheloniidae,Testudines,7.1474605,12.876428,10.286672,15.685417,5.148331,-0.06635816,-0.38195372,0.045898058,,4.3346286,-4.1686087,0.29245967,-2.0536928,2.29135
mChlaE,Pla2g2E,-,Chinchilla lanigera,Chinchilla lanigera,Chinchilla,Chinchillidae,Rodentia,11.04875,9.04,12.101446,11.663549,3.0466013,1.105297,0.062043335,0.29931918,,1.2162179,-24.00242,-1.8325087,-8.792368,6.025913
mChlaA2,Pla2g2A,-,Chinchilla lanigera,Chinchilla lanigera,Chinchilla,Chinchillidae,Rodentia,9.115104,17.671549,10.089865,17.096966,8.510732,-1.0223696,-0.10391105,-0.20793524,,4.5098157,16.489662,0.1461261,6.9311433,-5.5315733
mChlaA3,Pla2g2A,-,Chinchilla lanigera,Chinchilla lanigera,Chinchilla,Chinchillidae,Rodentia,4.9468784,13.910806,9.759926,17.224186,4.20241,-0.3703933,-0.44445336,0.62394917,,-0.76750654,-6.3551636,-3.4060183,-2.8513205,-1.7847842
mChlaA4,Pla2g2A,-,Chinchilla lanigera,Chinchilla lanigera,Chinchilla,Chinchillidae,Rodentia,4.499764,12.927628,10.20736,17.079224,3.4427707,0.0053783585,-0.3347911,0.8617892,,-1.9776134,-7.3915834,-4.6531615,-4.581552,-2.7058272
mChlaV,Pla2g2V1,+,Chinchilla lanigera,Chinchilla lanigera,Chinchilla,Chinchillidae,Rodentia,6.464149,17.113205,7.8432655,17.653074,7.3156214,-0.83372617,-0.16543032,-0.11780283,,-0.22540298,9.239082,1.2070328,5.8576655,-1.5683323
mChlaD,Pla2g2D1,-,Chinchilla lanigera,Chinchilla lanigera,Chinchilla,Chinchillidae,Rodentia,7.859052,11.113423,10.955068,17.300636,7.017062,-0.6730269,0.036985584,-0.17146754,,-7.9525685,4.628619,4.8050494,0.21670371,-2.1491363
mChlaF,Pla2g2F,+,Chinchilla lanigera,Chinchilla lanigera,Chinchilla,Chinchillidae,Rodentia,10.754047,17.591751,9.137865,16.803843,10.342244,-1.3936425,0.26117158,-0.58481497,,9.200922,19.20351,-0.4881349,11.214514,-5.131507
mChlaC,Pla2g2C,-,Chinchilla lanigera,Chinchilla lanigera,Chinchilla,Chinchillidae,Rodentia,9.353675,-6.253906,7.9082575,-8.733438,2.3781655,2.7964745,0.2771402,-0.8570149,,0.36897346,-39.767357,-1.4074575,-17.05404,5.9818344
bChmaE,Pla2g2E,-,Chlamydotis macqueenii,Chlamydotis macqueenii,Chlamydotis,Otididae,Gruiformes,5.2214966,11.204583,10.823749,15.338482,2.7964642,0.9049343,-0.25330496,0.6279123,,0.703896,-14.869667,-2.8929846,-7.339969,2.0763752
bChmaB,Pla2g2B,-,Chlamydotis macqueenii,Chlamydotis macqueenii,Chlamydotis,Otididae,Gruiformes,-5.035507,23.20837,-0.88024783,1.6727648,1.7469838,-1.2733238,2.222782,0.45560738,,-5.772653,27.734207,8.29852,11.021083,-3.3527365
bChmaD,Pla2g2D3,-,Chlamydotis macqueenii,Chlamydotis macqueenii,Chlamydotis,Otididae,Gruiformes,3.9626691,15.687521,7.25897,17.611414,4.332168,-0.30999878,-0.02640326,0.35238314,,-15.6426325,-1.7901143,3.3994434,2.0171187,4.1694207
bChmaC,Pla2g2C,-,Chlamydotis macqueenii,Chlamydotis macqueenii,Chlamydotis,Otididae,Gruiformes,14.7786665,15.037982,7.3456845,12.663876,1.1393275,0.30046287,0.22603293,0.2173986,,-11.881526,-10.553501,3.5688136,-9.700912,0.96489215
cChpiD1,Pla2g2D1,-,Chrysemys picta bellii,Chrysemys picta,Chrysemys,Emydidae,Testudines,6.8358192,10.87664,11.859322,15.706495,4.7517066,0.6002688,-0.13696854,-0.0025851165,,7.8435984,-10.694253,3.6830971,-4.6092906,3.0641496
cChpiD2,Pla2g2D2,-,Chrysemys picta bellii,Chrysemys picta,Chrysemys,Emydidae,Testudines,6.162954,12.123042,10.554972,15.970495,4.283989,0.21277022,-0.41312465,0.28943065,,0.32373214,-11.344338,0.0056926124,-5.853624,0.83238536
cChpiD3,Pla2g2D3,-,Chrysemys picta bellii,Chrysemys picta,Chrysemys,Emydidae,Testudines,7.1302037,16.167086,8.201964,16.680395,7.1223483,-0.8205578,-0.4632715,-0.17750812,,2.833229,6.829835,-1.1821054,4.3142366,0.28725904
cChpiF,Pla2g2F,+,Chrysemys picta bellii,Chrysemys picta,Chrysemys,Emydidae,Testudines,7.04781,12.933129,10.247228,15.447835,5.090334,-0.16223995,-0.45363653,-0.038892757,,4.3476977,-4.130742,0.25971213,-2.0165915,2.280514
mCocrE,Pla2g2E,-,Condylura cristata,Condylura cristata,Condylura,Talpidae,Eulipotyphla,11.519756,8.339705,12.288439,10.893691,2.7911594,1.7295178,0.16752605,0.53704363,,1.4870965,-26.047482,-2.1690972,-9.9055395,7.471184
mCocrA2,Pla2g2A,+,Condylura cristata,Condylura cristata,Condylura,Talpidae,Eulipotyphla,4.5819697,13.491841,9.77277,17.643414,3.8338234,-0.18769364,-0.44114572,0.8147862,,-1.3689771,-6.293922,-4.2437234,-3.042246,-2.1617486
mCocrA3,Pla2g2A,-,Condylura cristata,Condylura cristata,Condylura,Talpidae,Eulipotyphla,5.459057,14.006214,9.516233,17.436626,4.579332,-0.5790442,-0.33750412,0.5105303,,-1.2407689,-5.5424023,-3.9955897,-2.367006,-2.4451814
mCocrV,Pla2g2V1,+,Condylura cristata,Condylura cristata,Condylura,Talpidae,Eulipotyphla,6.00242,17.473585,7.3909407,17.935532,7.478295,-0.8695578,0.04087008,-0.0009938225,,-1.5414683,10.386393,2.5672636,6.998344,-0.83835113
mCocrD,Pla2g2D1,-,Condylura cristata,Condylura cristata,Condylura,Talpidae,Eulipotyphla,7.3987384,10.446524,11.405944,16.642746,5.1224294,-0.049454078,-0.25191358,0.06023011,,-6.74006,0.72036546,4.161779,-2.348954,-0.6799251
mCocrF,Pla2g2F,+,Condylura cristata,Condylura cristata,Condylura,Talpidae,Eulipotyphla,11.914928,17.04494,8.9149885,16.220112,10.966993,-1.1050146,0.1873194,-0.47466555,,11.125941,21.813835,-1.7296095,13.5938835,-6.6385226
bCocoD,Pla2g2D3,+,Corvus cornix cornix,Corvus cornix,Corvus,Corvidae,Passeriformes,3.301009,16.244352,6.5783825,18.017159,4.2883,-0.10266177,-0.07514222,0.56871337,,-16.379606,-3.669004,3.5550692,0.8596215,5.087119
bCocoE,Pla2g2E,+,Corvus cornix cornix,Corvus cornix,Corvus,Corvidae,Passeriformes,4.8191986,11.5772085,10.648307,15.875221,2.8286505,0.8325403,-0.50709367,0.969202,,0.98011553,-15.796284,-4.2691274,-7.2303195,1.892565
cCrpoE,Pla2g2E,-,Crocodylus porosus,Crocodylus porosus,Crocodylus,Crocodylidae,Crocodylia,8.572688,13.096287,9.712805,14.460318,5.952636,-0.20296377,-0.4912603,-0.18478079,,13.882849,-0.20527737,-7.6039658,1.2171301,1.8904972
cCrpoD1,Pla2g2D1,-,Crocodylus porosus,Crocodylus porosus,Crocodylus,Crocodylidae,Crocodylia,8.034861,12.092328,10.539963,16.442995,6.7276382,-0.4329836,-0.24261703,-0.41126257,,4.6545773,4.4862366,2.4245493,-0.75360453,-4.9071207
cCrpoD3,Pla2g2D3,-,Crocodylus porosus,Crocodylus porosus,Crocodylus,Crocodylidae,Crocodylia,4.7839932,15.96701,7.415529,17.475946,5.5552163,-0.3658049,-0.44029135,0.02191772,,-18.374796,2.0452592,4.332166,3.2806695,-4.690708
cCrpoC,Pla2g2C,-,Crocodylus porosus,Crocodylus porosus,Crocodylus,Crocodylidae,Crocodylia,5.0195756,13.425222,10.078142,17.09069,4.137178,-0.26045507,-0.27891695,0.55995566,,-3.0400364,-6.4294996,-3.5862322,-4.3529243,-4.2620344
sCradE,Pla2g2E,-,Crotalus adamanteus,Crotalus adamanteus,Crotalus,Viperidae,Squamata,0.56257534,12.489612,3.8942034,12.340517,3.5594301,-0.23028149,0.34198838,0.116928704,,-13.792385,8.696108,9.918155,2.6915014,1.2301366
sCradGc,Pla2g2Gc,-,Crotalus adamanteus,Crotalus adamanteus,Crotalus,Viperidae,Squamata,10.327523,12.226866,9.689355,12.527889,5.703435,0.5881208,-0.45515385,-0.22502013,,12.524717,-5.9066544,-5.081673,-1.6924727,5.82066
sCradGa,Pla2g2Ga,+,Crotalus adamanteus,Crotalus adamanteus,Crotalus,Viperidae,Squamata,9.4305,14.433775,8.941409,14.399161,7.2160745,-0.49387732,-0.17569372,-0.14733486,,10.219397,1.9148291,-4.649959,3.9430656,2.589377
sCradD,Pla2g2D1,-,Crotalus adamanteus,Crotalus adamanteus,Crotalus,Viperidae,Squamata,3.7439845,14.722945,7.3512883,16.622444,4.221946,-0.07060922,0.3351341,0.25231692,,-12.99789,1.5424466,5.995088,1.3144239,1.9374597
sCradF,Pla2g2F,+,Crotalus adamanteus,Crotalus adamanteus,Crotalus,Viperidae,Squamata,9.290298,19.965296,11.848766,17.934185,9.093731,-0.518504,-0.28853878,-0.3677374,,-2.7578182,18.633652,0.3627055,3.5530703,-9.482248
sCratE,Pla2g2E,-,Crotalus atrox,Crotalus atrox,Crotalus,Viperidae,Squamata,0.37806007,12.56885,3.7274454,12.335958,3.499877,-0.19320096,0.35996065,0.14651322,,-13.97624,8.478359,10.557543,2.3467433,1.3589169
sCratGb,Pla2g2Gb,-,Crotalus atrox,Crotalus atrox,Crotalus,Viperidae,Squamata,9.626462,12.178714,9.804976,13.411925,5.618491,0.4739728,-0.60343415,-0.34277117,,10.512143,-4.982336,-3.681525,-1.570626,4.7104516
sCratGk49,Pla2g2Gk,-,Crotalus atrox,Crotalus atrox,Crotalus,Viperidae,Squamata,8.236736,14.944242,9.329784,15.57601,6.9087114,-0.82274735,-0.58238494,-0.4348442,,7.3642864,5.983485,-4.46829,3.8828607,-1.6576015
sCratGc,Pla2g2Gc,-,Crotalus atrox,Crotalus atrox,Crotalus,Viperidae,Squamata,10.468586,12.199144,9.76284,12.693382,5.6345553,0.6044815,-0.5419236,-0.18877383,,12.478335,-5.964975,-5.1123657,-1.7233939,5.889239
sCratGa,Pla2g2Ga,+,Crotalus atrox,Crotalus atrox,Crotalus,Viperidae,Squamata,9.29892,14.271632,8.827418,14.377238,7.049378,-0.48248288,-0.21398477,-0.11178208,,10.032955,2.0942602,-4.798272,3.848284,2.0762663
sCratF,Pla2g2F,+,Crotalus atrox,Crotalus atrox,Crotalus,Viperidae,Squamata,8.757031,20.167833,11.914886,17.836609,8.964588,-0.5090683,-0.26301083,-0.3361955,,-2.969727,18.321796,-0.1582682,3.5341794,-9.689959
sCrheAE,Pla2g2E,-,Crotalus oreganus helleri,Crotalus oreganus,Crotalus,Viperidae,Squamata,0.9162138,12.727924,3.6588604,12.514834,3.7591937,-0.17863186,0.33490422,0.0892755,,-13.489888,8.016578,9.399569,2.1176987,1.3300347
sCrheAGb,Pla2g2Gb,-,Crotalus oreganus helleri,Crotalus oreganus,Crotalus,Viperidae,Squamata,7.8377004,13.247265,9.341948,14.817826,5.5317044,-0.20653509,-0.43448296,0.082503445,,7.8430624,-2.8001294,-2.664208,-0.36787337,2.4864945
sCrheAGc1,Pla2g2Gc,-,Crotalus oreganus helleri,Crotalus oreganus,Crotalus,Viperidae,Squamata,10.04757,12.399492,9.785991,12.983277,5.904582,0.48670146,-0.44114855,-0.33224097,,11.986171,-5.6902227,-4.585493,-1.0324911,5.9891405
sCrheAGa1,Pla2g2Ga,+,Crotalus oreganus helleri,Crotalus oreganus,Crotalus,Viperidae,Squamata,9.352158,15.40942,8.769001,15.309744,7.7636833,-1.1177562,0.116984725,-0.33793432,,11.272474,4.697028,-3.7162037,6.2917104,1.9167569
sCrheAGc2,Pla2g2Gc,-,Crotalus oreganus helleri,Crotalus oreganus,Crotalus,Viperidae,Squamata,,,,,,,,,,,,,,
sCrheAGa2,Pla2g2Ga,+,Crotalus oreganus helleri,Crotalus oreganus,Crotalus,Viperidae,Squamata,9.239627,14.617902,8.828474,14.400994,7.2342257,-0.6146292,-0.15264092,-0.22894354,,10.5081215,2.2895453,-5.2111964,4.3162003,2.4606047
sCrheAF,Pla2g2F,+,Crotalus oreganus helleri,Crotalus oreganus,Crotalus,Viperidae,Squamata,9.077447,20.242945,11.940724,17.740582,8.97955,-0.5090683,-0.26301083,-0.3361955,,-2.9693964,18.317575,-0.31134078,4.123859,-9.806548
sCrheBF,Pla2g2F,-,Crotalus oreganus helleri,Crotalus oreganus,Crotalus,Viperidae,Squamata,9.088517,19.923151,12.1408415,17.712738,8.721952,-0.519049,-0.28190416,-0.38416228,,-2.338347,18.473177,0.28315374,4.404257,-9.475385
sCrheBGa1,Pla2g2Ga,-,Crotalus oreganus helleri,Crotalus oreganus,Crotalus,Viperidae,Squamata,9.383248,14.352051,8.790165,14.167701,7.1774282,-0.49387732,-0.17569372,-0.14733486,,10.219397,1.9148291,-4.649959,3.9430656,2.589377
sCrheBE,Pla2g2E,+,Crotalus oreganus helleri,Crotalus oreganus,Crotalus,Viperidae,Squamata,0.47236234,12.662012,3.9075925,12.085045,3.3530304,-0.2463228,0.35311887,0.057682224,,-13.453951,8.720729,10.154632,2.440146,1.9232866
sCrhoAF,Pla2g2F,-,Crotalus horridus,Crotalus horridus,Crotalus,Viperidae,Squamata,9.16468,20.150976,11.916008,18.126886,8.614449,-0.562039,-0.29438892,-0.3070247,,-2.5149813,17.754911,-0.4231857,3.597256,-8.875728
sCrhoAGa2,Pla2g2Ga,-,Crotalus horridus,Crotalus horridus,Crotalus,Viperidae,Squamata,9.465912,14.498058,8.531518,14.308983,7.044293,-0.4516908,-0.16178879,-0.17197949,,10.091557,1.812815,-4.3961406,3.9688094,2.8738875
sCrhoAGb,Pla2g2Gb,-,Crotalus horridus,Crotalus horridus,Crotalus,Viperidae,Squamata,8.069235,13.236504,9.337676,14.66518,5.350567,-0.17645419,-0.52527046,0.026735166,,7.9267364,-2.78108,-2.7324696,-0.3285313,2.517293
sCrhoAGc1,Pla2g2Gc,-,Crotalus horridus,Crotalus horridus,Crotalus,Viperidae,Squamata,10.380235,12.391828,10.001429,12.872231,5.910195,0.47518164,-0.43317106,-0.28551492,,12.342039,-5.5568814,-5.4942756,-1.0467461,6.1483006
sCrhoAGa1,Pla2g2Ga,+,Crotalus horridus,Crotalus horridus,Crotalus,Viperidae,Squamata,9.362789,15.413241,8.791985,15.069642,7.6780977,-1.0366105,0.20668565,-0.3582987,,11.266662,4.6618967,-3.7265823,6.26354,1.9313128
sCrhoBE,Pla2g2E,-,Crotalus horridus,Crotalus horridus,Crotalus,Viperidae,Squamata,0.68622017,13.059663,3.7131195,12.245185,3.4822092,-0.19516873,0.3832498,0.14308292,,-14.012984,8.282499,10.044958,2.3047707,0.86253434
sCrhoBGc1,Pla2g2Gc,-,Crotalus horridus,Crotalus horridus,Crotalus,Viperidae,Squamata,10.484302,12.106363,9.96407,12.739414,5.8600698,0.6229283,-0.5662085,-0.17050745,,12.483511,-6.0435834,-5.381888,-1.5535592,6.3444986
sCrhoBD,Pla2g2D1,-,Crotalus horridus,Crotalus horridus,Crotalus,Viperidae,Squamata,3.7601438,14.609718,7.577572,16.709894,4.2378902,-0.0960622,0.32717106,0.27047876,,-12.999455,1.5412049,5.9932113,1.321756,1.929367
sCrhoBF,Pla2g2F,+,Crotalus horridus,Crotalus horridus,Crotalus,Viperidae,Squamata,9.197827,20.316502,12.143396,17.869898,8.57854,-0.562039,-0.29438892,-0.3070247,,-2.5147626,17.754969,-0.4955264,3.8988166,-8.906414
sCrhoGa,Pla2g2Ga,-,Crotalus horridus,Crotalus horridus,Crotalus,Viperidae,Squamata,9.128667,14.15782,8.694939,14.583843,6.708997,-0.49958956,-0.30440995,-0.19496003,,9.690406,1.2135944,-3.831245,3.3486779,2.7218168
sCrhoGc,Pla2g2Gc,+,Crotalus horridus,Crotalus horridus,Crotalus,Viperidae,Squamata,9.808348,12.628098,9.413709,13.248356,5.7456183,-0.04053601,-0.30218393,-0.4510528,,12.959342,-4.160887,-6.3069086,-0.45325217,4.965656
sCrscAE,Pla2g2E,-,Crotalus scutulatus,Crotalus scutulatus,Crotalus,Viperidae,Squamata,0.90337825,12.742865,3.6932485,12.543266,3.6098692,-0.17863186,0.33490422,0.0892755,,-13.395599,8.112508,9.513695,2.0209496,1.7453916
sCrscAGb,Pla2g2Gb,-,Crotalus scutulatus,Crotalus scutulatus,Crotalus,Viperidae,Squamata,7.946435,13.457069,9.14981,15.024717,5.5381465,-0.24304518,-0.46539703,0.07128094,,7.842836,-2.7652488,-2.6735055,-0.34012568,2.4660666
sCrscAGc1,Pla2g2Gc,-,Crotalus scutulatus,Crotalus scutulatus,Crotalus,Viperidae,Squamata,9.972075,12.594427,9.575281,12.89657,6.1082463,0.2574005,-0.4343929,-0.36080462,,12.063492,-5.110009,-4.999205,-0.5445758,5.6085987
sCrscAGa1,Pla2g2Ga,+,Crotalus scutulatus,Crotalus scutulatus,Crotalus,Viperidae,Squamata,9.63634,14.795611,8.611742,14.561077,7.491586,-0.75680715,-0.098185375,-0.18215735,,10.504043,3.3156393,-4.0583625,5.0570464,2.0229588
sCrscAGc2,Pla2g2Gc,-,Crotalus scutulatus,Crotalus scutulatus,Crotalus,Viperidae,Squamata,10.23851,12.246955,10.161134,12.832464,5.6397524,0.55157965,-0.46337593,-0.2771978,,12.049806,-5.97957,-4.602265,-1.2163535,6.1713605
sCrscAGa2,Pla2g2Ga,+,Crotalus scutulatus,Crotalus scutulatus,Crotalus,Viperidae,Squamata,9.256656,14.613671,9.180747,14.52512,6.983556,-0.5950051,-0.18177854,-0.25281122,,10.612119,2.307368,-5.3279905,4.3494315,2.5012252
sCrscAF,Pla2g2F,+,Crotalus scutulatus,Crotalus scutulatus,Crotalus,Viperidae,Squamata,8.889793,19.924341,12.382262,17.968021,8.836428,-0.519049,-0.28190416,-0.38416228,,-2.3287268,18.367783,-0.2545315,4.6083593,-9.397227
sCrscBE,Pla2g2E,-,Crotalus scutulatus,Crotalus scutulatus,Crotalus,Viperidae,Squamata,0.6629989,12.953134,3.9422731,12.141034,3.5510595,-0.17863186,0.33490422,0.0892755,,-13.291295,8.283898,9.993078,1.8608167,1.9632592
sCrscBGb,Pla2g2Gb,-,Crotalus scutulatus,Crotalus scutulatus,Crotalus,Viperidae,Squamata,9.542731,12.297133,9.906703,13.349408,5.4896803,0.49018928,-0.5930155,-0.33421624,,10.522115,-5.00754,-3.6881146,-1.5912275,4.7306175
sCrscBGk49,Pla2g2Gk,-,Crotalus scutulatus,Crotalus scutulatus,Crotalus,Viperidae,Squamata,8.256218,14.780449,9.423015,15.559851,6.930874,-0.7751567,-0.49945125,-0.4776218,,7.390251,5.9338827,-4.5061584,3.8512094,-1.6400592
sCrscBGc1,Pla2g2Gc,-,Crotalus scutulatus,Crotalus scutulatus,Crotalus,Viperidae,Squamata,,,,,,,,,,,,,,
sCrscBGa1,Pla2g2Ga,+,Crotalus scutulatus,Crotalus scutulatus,Crotalus,Viperidae,Squamata,9.072894,13.998483,8.967356,14.414135,6.658816,-0.39718765,-0.32779136,-0.14546604,,10.211344,1.2689623,-4.720004,3.1238027,2.6674278
sCrscBF,Pla2g2F,+,Crotalus scutulatus,Crotalus scutulatus,Crotalus,Viperidae,Squamata,9.074468,19.858408,12.181788,17.905422,8.849717,-0.519049,-0.28190416,-0.38416228,,-2.3736203,18.570354,0.5523888,4.059737,-9.195504
bCucaC,Pla2g2C,+,Cuculus canorus,Cuculus canorus,Cuculus,Cuculidae,Cuculiformes,15.000382,15.573865,7.501124,13.1064005,0.9618406,0.14427046,0.026418306,0.14687094,,-11.548774,-9.335409,3.5753205,-8.935358,0.22687934
bCucaD3,Pla2g2D3,+,Cuculus canorus,Cuculus canorus,Cuculus,Cuculidae,Cuculiformes,,,,,,,,,,,,,,
bCucaB,Pla2g2B,+,Cuculus canorus,Cuculus canorus,Cuculus,Cuculidae,Cuculiformes,-5.324424,22.965553,-0.9827692,1.7325286,1.4652525,-1.1860504,2.2456703,0.47673723,,-5.55104,27.687262,8.222831,10.393615,-3.5927815
mDanoA,Pla2g2A,-,Dasypus novemcinctus,Dasypus novemcinctus,Dasypus,Dasypodidae,Cingulata,4.620621,12.968417,10.236746,17.202452,3.5460892,-0.010304602,-0.17950766,0.6889591,,-1.6278414,-8.107084,-4.3363576,-4.653123,-1.5613008
mDanoV,Pla2g2V1,+,Dasypus novemcinctus,Dasypus novemcinctus,Dasypus,Dasypodidae,Cingulata,5.6556563,17.211033,6.853703,17.974436,7.135233,-0.7354444,0.26027417,0.016853916,,-3.1067452,8.721293,3.8377173,6.2837143,0.3157054
mDanoD,Pla2g2D1,-,Dasypus novemcinctus,Dasypus novemcinctus,Dasypus,Dasypodidae,Cingulata,6.512486,9.209746,12.692017,16.831224,5.1454787,0.26412156,0.27570704,0.16519612,,-9.217911,-0.75271285,6.5612035,-3.0436819,1.1296859
mDanoF,Pla2g2F,+,Dasypus novemcinctus,Dasypus novemcinctus,Dasypus,Dasypodidae,Cingulata,11.456182,17.771626,8.911113,16.928555,11.026947,-1.3277111,0.57590365,-0.48525795,,7.971347,20.540243,0.2706106,12.069569,-6.5878253
mDanoC,Pla2g2C,-,Dasypus novemcinctus,Dasypus novemcinctus,Dasypus,Dasypodidae,Cingulata,8.997844,-5.818135,7.6648636,-8.064987,2.0577283,3.0716786,0.6220782,-0.81530946,,0.49191764,-40.543137,-1.1371925,-18.05216,6.1073613
sDeacF,Pla2g2F,-,Deinagkistrodon acutus,Deinagkistrodon acutus,Deinagkistrodon,Viperidae,Squamata,8.596422,20.075287,11.991576,17.788694,8.563446,-0.44528463,-0.24271902,-0.26814014,,-2.9304998,17.675978,0.2401289,3.2434802,-8.6004505
sDeacGa,Pla2g2Ga,-,Deinagkistrodon acutus,Deinagkistrodon acutus,Deinagkistrodon,Viperidae,Squamata,8.958689,14.450047,8.466416,14.5556965,6.750876,-0.51140404,-0.3216578,-0.14183538,,9.434972,1.0220788,-3.6194396,3.165524,2.444534
sDeacGc,Pla2g2Gc,+,Deinagkistrodon acutus,Deinagkistrodon acutus,Deinagkistrodon,Viperidae,Squamata,9.859159,12.778515,9.603708,13.085562,5.7315154,0.12813716,-0.52373505,-0.2333936,,12.29645,-4.6544557,-5.550369,-0.40905678,5.2982187
sDeacGk49,Pla2g2Gk,+,Deinagkistrodon acutus,Deinagkistrodon acutus,Deinagkistrodon,Viperidae,Squamata,8.323673,14.585277,9.551007,15.42499,6.6889253,-0.56242454,-0.450589,-0.3047834,,7.5226636,5.2976203,-4.877121,3.3065345,-1.3973101
sDeacGb,Pla2g2Gb,+,Deinagkistrodon acutus,Deinagkistrodon acutus,Deinagkistrodon,Viperidae,Squamata,8.943225,12.734768,9.596198,14.001316,5.505436,0.024821134,-0.54262424,-0.19419563,,10.21091,-3.8645341,-3.6962922,-0.5373597,3.9042788
sDeacE,Pla2g2E,+,Deinagkistrodon acutus,Deinagkistrodon acutus,Deinagkistrodon,Viperidae,Squamata,0.44273475,12.676535,3.5395696,12.175528,3.2454445,-0.059238542,0.37214905,0.3115063,,-14.474653,8.226815,10.892107,1.8796592,0.8435318
mEledF,Pla2g2F,-,Elephantulus edwardii,Elephantulus edwardii,Elephantulus,Macroscelididae,Macroscelidea,11.275519,17.586065,9.502977,16.671461,10.972775,-1.2216161,0.1413291,-0.4912464,,10.668569,19.15928,-0.5779591,12.709328,-4.2581196
mEledD1,Pla2g2D1,+,Elephantulus edwardii,Elephantulus edwardii,Elephantulus,Macroscelididae,Macroscelidea,,,,,,,,,,,,,,
mEledV,Pla2g2V1,-,Elephantulus edwardii,Elephantulus edwardii,Elephantulus,Macroscelididae,Macroscelidea,5.7273746,17.192854,7.3564014,17.9507,6.7823377,-0.6688897,0.04024403,0.028150378,,-1.9957635,9.60833,2.9162152,6.1820297,-0.72981924
mEledA3,Pla2g2A,+,Elephantulus edwardii,Elephantulus edwardii,Elephantulus,Macroscelididae,Macroscelidea,7.6125216,15.759067,8.374046,16.161448,6.9097834,-0.805926,-0.344516,-0.11307546,,3.121369,6.944005,-1.3388312,3.9291162,0.5133833
mEledA2,Pla2g2A,+,Elephantulus edwardii,Elephantulus edwardii,Elephantulus,Macroscelididae,Macroscelidea,5.3075047,13.838132,9.406531,17.196337,4.144961,-0.32232225,-0.570646,0.45669785,,-0.0077603115,-5.6406775,-2.6009643,-3.2210305,-3.014868
mEledA1,Pla2g2A,+,Elephantulus edwardii,Elephantulus edwardii,Elephantulus,Macroscelididae,Macroscelidea,8.137434,15.410584,9.364556,16.040277,7.3095303,-0.86982644,-0.49238327,-0.18069592,,6.9440966,8.954085,-3.4524205,4.4213867,-3.2925744
mEledE,Pla2g2E,+,Elephantulus edwardii,Elephantulus edwardii,Elephantulus,Macroscelididae,Macroscelidea,11.539669,7.8283706,12.746891,10.707964,2.819498,2.0794313,0.19999406,0.5063417,,1.8992324,-26.963587,-0.98855513,-10.39846,8.53445
mEnluC,Pla2g2C,+,Enhydra lutris kenyoni,Enhydra lutris,Enhydra,Mustelidae,Carnivora,9.58783,-6.07811,8.053249,-8.379808,2.6864662,2.7177289,0.50972325,-0.8834361,,-0.80871254,-39.558384,0.33522946,-16.972511,6.085839
mEnluF,Pla2g2F,-,Enhydra lutris kenyoni,Enhydra lutris,Enhydra,Mustelidae,Carnivora,11.6937065,17.343729,8.894748,16.355383,11.128423,-1.212261,0.1641374,-0.55831534,,10.147955,20.862976,-1.495298,12.957499,-5.8528624
mEnluD1,Pla2g2D1,+,Enhydra lutris kenyoni,Enhydra lutris,Enhydra,Mustelidae,Carnivora,,,,,,,,,,,,,,
mEnluV,Pla2g2V1,-,Enhydra lutris kenyoni,Enhydra lutris,Enhydra,Mustelidae,Carnivora,5.082835,16.611727,7.1116943,17.59967,6.470255,-0.38051793,0.08506232,0.10438007,,-3.5468173,7.890294,3.8362658,4.258045,0.15272292
mEnluE,Pla2g2E,+,Enhydra lutris kenyoni,Enhydra lutris,Enhydra,Mustelidae,Carnivora,11.924122,8.149578,12.458611,10.242723,2.8764153,1.9847641,0.2353612,0.73253024,,0.13559155,-26.909956,-2.6270216,-9.280615,9.131991
mEqcaC,Pla2g2C,+,Equus caballus,Equus caballus,Equus,Equidae,Perissodactyla,9.09234,-6.01434,7.892858,-8.214857,2.3748713,3.0154858,0.5147458,-0.8970702,,-0.60363066,-40.487946,-1.2818074,-17.468086,5.105254
mEqcaF,Pla2g2F,-,Equus caballus,Equus caballus,Equus,Equidae,Perissodactyla,11.834399,17.219069,9.04426,15.980974,11.424979,-1.2509766,0.08378426,-0.4740138,,11.540731,21.558989,-2.337087,13.923447,-5.8659005
mEqcaD,Pla2g2D1,+,Equus caballus,Equus caballus,Equus,Equidae,Perissodactyla,6.851709,9.730899,12.428626,16.4232,5.2170186,0.20322005,-0.10980393,-0.1279655,,-7.731491,-0.046902858,5.569741,-3.508803,-0.8047082
mEqcaV,Pla2g2V1,-,Equus caballus,Equus caballus,Equus,Equidae,Perissodactyla,5.503084,17.086292,6.9817204,17.919558,6.8536925,-0.61955225,0.08999642,-0.0010507931,,-2.360193,9.034789,3.0027077,5.3418126,-0.36367533
mEqcaA,Pla2g2A,+,Equus caballus,Equus caballus,Equus,Equidae,Perissodactyla,4.379454,12.631594,10.578589,17.118845,2.947605,0.27494776,-0.3756172,0.90003043,,-1.884487,-9.178846,-4.966167,-4.246913,-0.5944916
mEqcaE,Pla2g2E,+,Equus caballus,Equus caballus,Equus,Equidae,Perissodactyla,12.614689,7.405247,13.552861,10.210589,2.553195,2.6187224,0.3006969,0.62776995,,0.7469237,-28.786568,-2.0578556,-11.257806,10.058204
mEreuC,Pla2g2C,+,Erinaceus europaeus,Erinaceus europaeus,Erinaceus,Erinaceidae,Eulipotyphla,9.451366,-6.455273,8.525267,-8.400989,2.4087982,2.611913,0.8365703,-0.78255,,-1.6873827,-39.2992,-1.27226,-16.2093,4.9691296
mEreuF,Pla2g2F,-,Erinaceus europaeus,Erinaceus europaeus,Erinaceus,Erinaceidae,Eulipotyphla,11.328246,17.861017,8.684777,16.829098,10.959069,-1.331646,0.39425805,-0.58840644,,8.503322,21.033909,-0.1504707,13.262749,-6.4064903
mEreuD1,Pla2g2D1,+,Erinaceus europaeus,Erinaceus europaeus,Erinaceus,Erinaceidae,Eulipotyphla,,,,,,,,,,,,,,
mEreuV,Pla2g2V1,-,Erinaceus europaeus,Erinaceus europaeus,Erinaceus,Erinaceidae,Eulipotyphla,5.1650205,17.245079,6.8735905,17.861427,6.705319,-0.65705615,0.39243042,0.06702643,,-3.6300719,8.905826,4.3137755,5.5392632,-0.31132984
mEreuA15,Pla2g2A,+,Erinaceus europaeus,Erinaceus europaeus,Erinaceus,Erinaceidae,Eulipotyphla,10.155677,17.238346,9.13821,16.672272,9.671007,-1.5934229,0.27794418,-0.39459366,,9.058678,16.58345,-1.5427082,9.493742,-4.134936
mEreuA14,Pla2g2A,+,Erinaceus europaeus,Erinaceus europaeus,Erinaceus,Erinaceidae,Eulipotyphla,7.583315,16.306395,8.925257,16.953022,7.391402,-0.8954236,-0.17289168,-0.20076674,,3.2971232,8.374983,-0.7262421,3.1561313,-1.0117897
mEreuA13,Pla2g2A,+,Erinaceus europaeus,Erinaceus europaeus,Erinaceus,Erinaceidae,Eulipotyphla,7.3631616,15.400788,9.387763,16.808517,6.8520346,-0.62521094,-0.29814965,-0.17993225,,3.3716545,8.247689,-0.90881014,2.9778206,-0.9475312
mEreuA12,Pla2g2A,+,Erinaceus europaeus,Erinaceus europaeus,Erinaceus,Erinaceidae,Eulipotyphla,9.045044,16.316692,8.707418,16.371485,8.299877,-1.3096883,0.2013,0.023924965,,7.2753615,12.107194,-3.5219646,7.1733313,-4.257237
mEreuA11,Pla2g2A,+,Erinaceus europaeus,Erinaceus europaeus,Erinaceus,Erinaceidae,Eulipotyphla,8.900662,16.467958,8.884387,16.261372,8.543576,-1.3073853,0.1408241,0.0032697383,,7.312705,12.087684,-3.5002456,7.1527414,-4.199237
mEreuA10,Pla2g2A,+,Erinaceus europaeus,Erinaceus europaeus,Erinaceus,Erinaceidae,Eulipotyphla,9.223609,16.242176,8.816785,16.08732,8.703461,-1.360795,0.08200002,-0.13866661,,7.3210244,12.138768,-3.448499,7.1895947,-4.221687
mEreuA9,Pla2g2A,+,Erinaceus europaeus,Erinaceus europaeus,Erinaceus,Erinaceidae,Eulipotyphla,8.692025,16.423353,8.863815,16.543148,8.297485,-1.2059491,0.10332696,0.027308466,,7.246387,11.937953,-3.4878256,6.92341,-4.202197
mEreuA8,Pla2g2A,+,Erinaceus europaeus,Erinaceus europaeus,Erinaceus,Erinaceidae,Eulipotyphla,9.221505,16.693949,9.09658,16.425337,8.615253,-1.5655499,-0.14036524,-0.36106426,,8.481419,12.384388,-2.9519143,7.51346,-2.9948509
mEreuA7,Pla2g2A,+,Erinaceus europaeus,Erinaceus europaeus,Erinaceus,Erinaceidae,Eulipotyphla,8.913346,16.369444,9.107534,16.394405,8.366668,-1.447281,-0.23824723,-0.21454994,,8.358976,12.1231165,-3.056377,7.214594,-3.0113742
mEreuA6,Pla2g2A,-,Erinaceus europaeus,Erinaceus europaeus,Erinaceus,Erinaceidae,Eulipotyphla,9.760211,17.14829,9.390722,16.638155,9.305518,-1.7623591,0.05452159,-0.50915694,,9.14634,15.409026,-1.7811749,8.976165,-3.1604517
mEreuA5,Pla2g2A,-,Erinaceus europaeus,Erinaceus europaeus,Erinaceus,Erinaceidae,Eulipotyphla,10.014971,17.357296,9.373675,16.433105,9.368167,-1.7514657,0.04647197,-0.59755486,,9.1661,15.389301,-1.7540722,8.983572,-3.0884259
mEreuA3,Pla2g2A,+,Erinaceus europaeus,Erinaceus europaeus,Erinaceus,Erinaceidae,Eulipotyphla,8.49497,16.115961,9.147182,16.425043,7.9408965,-1.0577369,-0.32923865,-0.13133302,,7.0702896,10.2274685,-3.2834342,5.5079527,-3.6384664
mEreuA2,Pla2g2A,+,Erinaceus europaeus,Erinaceus europaeus,Erinaceus,Erinaceidae,Eulipotyphla,5.651539,14.427848,9.033062,16.959675,4.7617183,-0.25819987,0.096915595,0.39158964,,-2.1548674,-2.2067912,6.054209,2.0915928,-0.17531829
mEreuA1,Pla2g2A,+,Erinaceus europaeus,Erinaceus europaeus,Erinaceus,Erinaceidae,Eulipotyphla,5.7668257,13.940792,9.326294,16.78041,4.4655585,-0.30118823,-0.43427053,0.33417284,,0.24850528,-5.7655816,-2.3521376,-3.4401894,-2.4872508
mEreuE,Pla2g2E,+,Erinaceus europaeus,Erinaceus europaeus,Erinaceus,Erinaceidae,Eulipotyphla,11.568218,8.32201,12.3747835,10.779067,3.0741503,1.7638035,0.30567876,0.44358018,,1.8990115,-26.045193,-1.0663029,-9.80748,7.816746
mFecaE,Pla2g2E,-,Felis catus,Felis catus,Felis,Felidae,Carnivora,12.447952,8.074275,12.881156,10.08456,2.773776,2.240581,0.4463949,0.61518866,,0.5833923,-27.881496,-1.8239336,-10.222944,9.820699
mFecaV,Pla2g2V1,+,Felis catus,Felis catus,Felis,Felidae,Carnivora,5.653629,16.939365,7.1620307,18.044313,7.0309496,-0.6839859,0.054149237,0.052033577,,-2.0520515,9.046209,2.6940567,5.65872,-0.09396112
mFecaD,Pla2g2D1,-,Felis catus,Felis catus,Felis,Felidae,Carnivora,6.7096577,9.625931,12.69126,16.655975,5.3620887,0.2538001,0.0014648642,-0.04027991,,-8.575716,0.08155374,6.4447565,-3.2636745,-0.059372693
mFecaF,Pla2g2F,+,Felis catus,Felis catus,Felis,Felidae,Carnivora,12.127283,17.432465,9.09695,15.898659,11.019513,-1.1496416,0.029900683,-0.5656476,,11.065926,20.82398,-2.4246504,13.145195,-5.3428597
bGagaE,Pla2g2E,-,Gallus gallus,Gallus gallus,Gallus,Phasianidae,Galliformes,5.109879,11.750672,10.615414,15.739664,3.0510669,0.61742866,-0.38553596,0.7568515,,1.0928506,-14.447582,-2.8844595,-6.9214478,1.4688596
bGagaB,Pla2g2B,-,Gallus gallus,Gallus gallus,Gallus,Phasianidae,Galliformes,-5.733271,23.470448,-0.8510117,1.7403154,2.1589484,-1.1869209,2.7542818,0.52389115,,-6.3234024,28.338226,8.960467,10.221218,-3.106781
bGagaD,Pla2g2D3,-,Gallus gallus,Gallus gallus,Gallus,Phasianidae,Galliformes,3.3243563,15.658017,6.7558327,17.73541,4.2102547,-0.16930881,-0.018249433,0.69174844,,-15.243059,-3.1988447,3.91768,2.888982,5.8028374
bGagaC,Pla2g2C,-,Gallus gallus,Gallus gallus,Gallus,Phasianidae,Galliformes,14.561148,15.122108,7.2550497,12.528412,1.0362935,0.46706903,0.37688154,0.381783,,-12.560709,-10.986391,4.265601,-10.5131445,1.2034198
cGavganC,Pla2g2C,+,Gavialis gangeticus,Gavialis gangeticus,Gavialis,Gavialidae,Crocodylia,4.737053,13.305539,10.090229,17.396711,3.8254974,-0.043544926,-0.2614003,0.6777208,,-3.0568519,-6.6697974,-3.7361054,-4.5416203,-4.177219
cGavganD3,Pla2g2D3,+,Gavialis gangeticus,Gavialis gangeticus,Gavialis,Gavialidae,Crocodylia,4.86617,15.749999,7.7338705,17.214067,5.2846603,-0.336767,-0.48545468,-0.046767365,,-18.384296,2.0738716,4.30679,3.290147,-4.7085
cGavganD1,Pla2g2D1,+,Gavialis gangeticus,Gavialis gangeticus,Gavialis,Gavialidae,Crocodylia,7.866481,11.685199,10.587716,16.479643,6.8085375,-0.43521398,-0.2327842,-0.39143765,,4.644747,4.4876494,2.4266002,-0.7533589,-4.906212
cGavganE,Pla2g2E,+,Gavialis gangeticus,Gavialis gangeticus,Gavialis,Gavialidae,Crocodylia,8.627841,13.442368,9.744167,14.614788,6.3926024,-0.4444128,-0.37250105,-0.3682348,,13.900713,-0.12758607,-7.6202064,1.2408279,1.8703264
cGoagF,Pla2g2F,-,Gopherus agassizii,Gopherus agassizii,Gopherus,Testudinidae,Testudines,7.226948,12.696444,10.282849,15.329648,4.870312,0.06642449,-0.46696463,-0.027984392,,4.3468876,-4.1799583,0.26762024,-2.0601263,2.2977989
cGoagD3,Pla2g2D3,+,Gopherus agassizii,Gopherus agassizii,Gopherus,Testudinidae,Testudines,5.9240136,14.970731,8.499352,16.483646,5.46057,-0.39071125,-0.27655628,0.096915945,,-1.366832,0.7092914,1.3771126,0.0234216,0.031828642
cGoagD2,Pla2g2D2,+,Gopherus agassizii,Gopherus agassizii,Gopherus,Testudinidae,Testudines,5.7857237,12.041572,10.563374,15.939948,3.883018,0.41352084,-0.33162186,0.46556422,,0.3066973,-11.503568,-0.06461537,-5.9875164,0.9394488
cGoagD1,Pla2g2D1,+,Gopherus agassizii,Gopherus agassizii,Gopherus,Testudinidae,Testudines,7.167707,11.131813,11.703956,15.440349,4.813823,0.5045429,-0.26641524,-0.066770494,,7.8583164,-10.6748705,3.6358984,-4.604729,3.0864632
cGoagE,Pla2g2E,+,Gopherus agassizii,Gopherus agassizii,Gopherus,Testudinidae,Testudines,6.540947,12.0654,10.406302,15.2356825,4.227493,0.30651554,-0.5125873,0.19400506,,3.0814164,-11.06125,-1.0252975,-4.824568,2.9209628
bHaleB,Pla2g2B,-,Haliaeetus leucocephalus,Haliaeetus leucocephalus,Haliaeetus,Accipitridae,Accipitriformes,-5.0780954,23.230782,-1.2517798,1.8481773,1.5852104,-1.4096149,2.1561973,0.40457726,,-5.237638,27.653246,7.732113,11.094067,-2.5975523
bHaleD,Pla2g2D3,-,Haliaeetus leucocephalus,Haliaeetus leucocephalus,Haliaeetus,Accipitridae,Accipitriformes,3.7634757,15.792767,6.6995454,17.52696,4.6812744,-0.11647044,-0.08092251,0.44358718,,-16.04073,-2.4403932,3.338202,1.9927137,5.022633
bHaleC,Pla2g2C,-,Haliaeetus leucocephalus,Haliaeetus leucocephalus,Haliaeetus,Accipitridae,Accipitriformes,15.038953,15.415576,7.6306796,12.407952,1.1595997,0.32477206,0.103648044,0.13419813,,-11.0826845,-10.480664,4.157188,-8.837855,1.7394419
mHeglE,Pla2g2E,-,Heterocephalus glaber,Heterocephalus glaber,Heterocephalus,Bathyergidae,Rodentia,11.584479,8.995471,12.141102,11.500256,2.8508728,1.2710633,0.16184206,0.35458672,,1.0261183,-24.585318,-2.1190393,-9.260772,6.441585
mHeglA1,Pla2g2A,-,Heterocephalus glaber,Heterocephalus glaber,Heterocephalus,Bathyergidae,Rodentia,6.825002,16.043877,8.929422,17.507442,7.0081625,-0.6912642,-0.15607092,0.048137724,,0.27782407,5.000609,0.6410543,2.8663096,-2.875933
mHeglA2,Pla2g2A,-,Heterocephalus glaber,Heterocephalus glaber,Heterocephalus,Bathyergidae,Rodentia,4.7706404,13.523699,9.540963,16.875921,3.6649039,-0.10348666,-0.48781025,0.53381354,,-0.19470906,-6.8788943,-2.868956,-4.007189,-2.1070032
mHeglA3,Pla2g2A,-,Heterocephalus glaber,Heterocephalus glaber,Heterocephalus,Bathyergidae,Rodentia,4.663964,13.393906,9.783425,17.068878,3.5370305,-0.25350606,-0.23712365,0.7645606,,-1.1626773,-7.1917977,-3.8380976,-4.421173,-2.4536018
mHeglV,Pla2g2V,+,Heterocephalus glaber,Heterocephalus glaber,Heterocephalus,Bathyergidae,Rodentia,6.443184,16.671803,7.5897717,17.390377,7.116802,-0.78177655,-0.16320649,-0.026461635,,-0.6453011,8.116529,1.591034,4.885883,-1.6605601
mHeglD,Pla2g2D1,-,Heterocephalus glaber,Heterocephalus glaber,Heterocephalus,Bathyergidae,Rodentia,7.7665596,10.749589,11.236821,17.12759,6.057934,-0.36458308,-0.035683554,0.028495876,,-8.040485,4.093914,4.6797857,-0.18447971,-1.8764983
mHeglF,Pla2g2F,+,Heterocephalus glaber,Heterocephalus glaber,Heterocephalus,Bathyergidae,Rodentia,10.836977,17.294008,9.149018,16.861195,10.569864,-1.3627361,0.23310553,-0.5765823,,9.295838,19.340267,-0.39331844,11.566403,-5.218171
mHosaE,Pla2g2E,-,Homo sapiens,Homo sapiens,Homo,Hominidae,Primates,12.478186,7.2287107,13.468742,10.328869,2.3757365,2.8113759,0.18024138,0.5625841,,1.9488779,-29.018814,-1.8946872,-12.031165,9.584194
mHosaA,Pla2g2A,-,Homo sapiens,Homo sapiens,Homo,Hominidae,Primates,4.4819283,12.735245,10.386459,16.84278,3.1287742,0.29491517,-0.30085593,0.91019785,,-1.9972689,-8.993335,-4.9381332,-4.9698906,-0.7076829
mHosaV,Pla2g2V1,+,Homo sapiens,Homo sapiens,Homo,Hominidae,Primates,6.346242,16.452097,7.6789103,17.460014,6.9793525,-0.7646741,-0.093286425,0.045864172,,-1.3032109,8.411103,1.7809033,5.0212746,-0.7446337
mHosaD,Pla2g2D1,-,Homo sapiens,Homo sapiens,Homo,Hominidae,Primates,6.5504723,9.749035,12.6470585,16.593693,5.037029,0.3817769,-0.12147226,0.025810277,,-8.127031,-0.58571315,5.6166883,-3.6691427,0.34148416
mHosaF,Pla2g2F,+,Homo sapiens,Homo sapiens,Homo,Hominidae,Primates,11.393195,17.23473,8.788019,16.59883,11.139913,-1.135934,0.2705207,-0.5310605,,9.230064,21.265133,-1.1524138,12.451747,-6.9965982
sLabiE,Pla2g2E,-,Lacerta bilineata,Lacerta bilineata,Lacerta,Lacertidae,Squamata,6.648441,11.880938,10.329917,14.938034,4.155462,0.38603032,-0.29409063,0.13100606,,4.1842833,-11.8641205,0.08121018,-4.803083,4.0744395
sLabiGo,Pla2g2G0,-,Lacerta bilineata,Lacerta bilineata,Lacerta,Lacertidae,Squamata,9.893355,11.905505,10.035278,12.834887,5.5392413,0.7129321,-0.5611338,-0.3691727,,12.043453,-7.1674914,-4.290372,-1.7542299,7.250702
sLabiD,Pla2g2D1,-,Lacerta bilineata,Lacerta bilineata,Lacerta,Lacertidae,Squamata,8.939523,18.109959,10.589977,17.105995,7.928075,-0.6061788,-0.0048643085,-0.5038422,,2.491543,14.670747,2.1216776,6.684074,-6.621322
sLabiF,Pla2g2F,+,Lacerta bilineata,Lacerta bilineata,Lacerta,Lacertidae,Squamata,8.73414,20.494686,11.955157,18.245401,8.246491,-0.5193979,-0.4674594,0.07893118,,-4.3403473,17.150974,-1.1293027,2.343217,-8.006639
sLaviF,Pla2g2F,-,Lacerta viridis,Lacerta viridis,Lacerta,Lacertidae,Squamata,8.984067,20.675009,12.134962,18.214891,8.340981,-0.5193979,-0.4674594,0.07893118,,-4.340299,17.151026,-1.1293157,2.3432403,-8.006654
sLaviD,Pla2g2D1,+,Lacerta viridis,Lacerta viridis,Lacerta,Lacertidae,Squamata,8.795219,17.98114,10.594756,17.034025,7.713412,-0.52163917,-0.028946377,-0.47430485,,2.481509,14.65538,2.1404111,6.676578,-6.6250796
sLaviGo,Pla2g2G0,+,Lacerta viridis,Lacerta viridis,Lacerta,Lacertidae,Squamata,10.131312,11.89134,10.034438,12.592579,5.098241,0.8200257,-0.5157704,-0.37089548,,12.099924,-7.2420835,-4.2778373,-1.8625563,7.2743177
sLaviE,Pla2g2E,+,Lacerta viridis,Lacerta viridis,Lacerta,Lacertidae,Squamata,6.656157,12.113593,10.376965,14.910993,4.1252666,0.38603032,-0.29409063,0.13100606,,4.184325,-11.86415,0.08118327,-4.803103,4.07447
mLoafC,Pla2g2C,+,Loxodonta africana,Loxodonta africana,Loxodonta,Elephantidae,Proboscidea,8.880696,-5.624435,7.4487653,-7.933296,2.1319742,3.1479423,0.44693753,-0.9350992,,0.3775935,-41.080185,-0.43897516,-18.575035,6.08417
mLoafF,Pla2g2F,-,Loxodonta africana,Loxodonta africana,Loxodonta,Elephantidae,Proboscidea,11.236649,18.018007,8.983546,16.583126,11.301098,-1.2890185,0.26481825,-0.55108047,,10.138788,19.91404,-0.44677585,13.054159,-5.394965
mLoafD,Pla2g2D1,+,Loxodonta africana,Loxodonta africana,Loxodonta,Elephantidae,Proboscidea,7.4835534,9.771155,12.258451,16.566063,5.699388,-0.07649543,0.07254254,-0.1964391,,-8.877376,1.6774515,6.7817726,-2.3876116,-1.1513048
mLoafV,Pla2g2V1,-,Loxodonta africana,Loxodonta africana,Loxodonta,Elephantidae,Proboscidea,6.3559813,16.87049,7.770613,17.616943,7.459283,-0.8725413,-0.13969712,-0.018251771,,-0.002849085,9.633306,0.66905165,6.3066936,-0.5251373
mLoafA2,Pla2g2A,+,Loxodonta africana,Loxodonta africana,Loxodonta,Elephantidae,Proboscidea,4.4582386,13.336285,9.968306,17.488113,3.5877674,-0.12439119,-0.43725717,0.74634093,,-1.1736122,-7.7688994,-4.02356,-3.9885876,-1.4298558
mLoafA1,Pla2g2A,+,Loxodonta africana,Loxodonta africana,Loxodonta,Elephantidae,Proboscidea,5.1745014,13.326807,9.8321495,16.881548,3.7180095,0.027126864,-0.40972894,0.5615347,,-0.42818928,-8.114263,-3.0785978,-4.250939,-0.94978327
mLoafE,Pla2g2E,+,Loxodonta africana,Loxodonta africana,Loxodonta,Elephantidae,Proboscidea,11.543399,8.048233,12.664816,10.985232,3.0006852,1.9186858,0.1318832,0.43123922,,2.1888185,-26.667042,-1.6794491,-10.734795,7.5409756
mMamaF,Pla2g2F,-,Marmota marmota marmota,Marmota marmota,Marmota,Sciuridae,Rodentia,10.903065,17.539906,8.824756,16.620668,10.660205,-1.3010134,0.26304075,-0.5343772,,9.503603,19.854107,-1.4504018,11.281599,-5.34837
mMamaD,Pla2g2D1,+,Marmota marmota marmota,Marmota marmota,Marmota,Sciuridae,Rodentia,7.0599427,9.453752,11.829698,17.228067,5.401101,-0.13636772,-0.11439345,0.01115792,,-7.5763254,1.6524882,5.4236608,-1.3944856,-0.6400161
mMamaV,Pla2g2V1,-,Marmota marmota marmota,Marmota marmota,Marmota,Sciuridae,Rodentia,6.457355,17.00125,7.3725452,17.824505,7.442667,-0.8007262,-0.029763294,0.0070728725,,-1.0235037,9.54292,2.0495436,6.543876,0.009630162
mMamaA1,Pla2g2A,+,Marmota marmota marmota,Marmota marmota,Marmota,Sciuridae,Rodentia,4.8612127,13.585665,9.571125,17.176304,3.5716043,-0.22283341,-0.48050413,0.6656946,,-0.6832973,-7.3215566,-3.4140022,-4.5450416,-2.189081
mMamaE,Pla2g2E,+,Marmota marmota marmota,Marmota marmota,Marmota,Sciuridae,Rodentia,11.9527645,7.488609,13.095995,10.428528,2.8540294,2.2365615,0.12451262,0.67333204,,1.9474756,-27.986383,-2.4390152,-11.3805895,8.457733
mMimiE,Pla2g2E,-,Microcebus murinus,Microcebus murinus,Microcebus,Cheirogaleidae,Primates,,,,,,,,,,,,,,
mMimiA,Pla2g2A,-,Microcebus murinus,Microcebus murinus,Microcebus,Cheirogaleidae,Primates,,,,,,,,,,,,,,
mMimiV,Pla2g2V1,+,Microcebus murinus,Microcebus murinus,Microcebus,Cheirogaleidae,Primates,,,,,,,,,,,,,,
mMimiD,Pla2g2D1,-,Microcebus murinus,Microcebus murinus,Microcebus,Cheirogaleidae,Primates,,,,,,,,,,,,,,
mMimiF,Pla2g2F,+,Microcebus murinus,Microcebus murinus,Microcebus,Cheirogaleidae,Primates,,,,,,,,,,,,,,
mMimiC,Pla2g2C,-,Microcebus murinus,Microcebus murinus,Microcebus,Cheirogaleidae,Primates,,,,,,,,,,,,,,
mModoC,Pla2g2C,+,Monodelphis domestica,Monodelphis domestica,Monodelphis,Didelphidae,Didelphimorphia,9.613675,-6.629501,8.518313,-8.909435,2.86064,2.0329838,0.06301996,-0.5451487,,-0.04374311,-37.72359,0.00747802,-15.195679,6.778361
mModoF,Pla2g2F,-,Monodelphis domestica,Monodelphis domestica,Monodelphis,Didelphidae,Didelphimorphia,11.943156,17.666224,9.568712,15.930359,10.671526,-1.1947325,-0.095558435,-0.6754462,,12.327715,19.837214,-2.5994806,12.733111,-3.5090566
mModoD,Pla2g2D1,+,Monodelphis domestica,Monodelphis domestica,Monodelphis,Didelphidae,Didelphimorphia,7.880631,10.3471,11.354198,16.741404,5.734679,-0.34526572,-0.348942,-0.15694328,,-6.945263,3.136179,3.3199954,-2.177265,-2.0242832
mModoV2,Pla2g2V2,+,Monodelphis domestica,Monodelphis domestica,Monodelphis,Didelphidae,Didelphimorphia,8.021195,15.359377,9.21313,16.1424,7.252612,-0.93836075,-0.35307539,-0.56949115,,6.6714315,6.8264127,-3.7317832,4.707641,-1.3289037
mModoV1,Pla2g2V2,+,Monodelphis domestica,Monodelphis domestica,Monodelphis,Didelphidae,Didelphimorphia,5.3448563,12.919668,9.1721945,16.613937,3.6412413,-0.1601154,-0.6762521,0.4785631,,1.8611177,-7.720153,-1.9477608,-6.2340956,-2.4791749
mModoE,Pla2g2E,+,Monodelphis domestica,Monodelphis domestica,Monodelphis,Didelphidae,Didelphimorphia,10.733823,9.42025,11.7726965,11.912983,3.4039965,1.091542,-0.24085057,0.19182758,,1.7084801,-22.941994,-1.6673967,-7.5099645,6.0057096
mMumuC,Pla2g2C,+,Mus musculus,Mus musculus,Mus,Muridae,Rodentia,9.002836,-5.494664,7.4602118,-8.283755,2.017874,3.355869,0.20815018,-0.8264911,,-0.95253235,-42.03538,0.06144186,-18.984703,4.4324965
mMumuF,Pla2g2F,-,Mus musculus,Mus musculus,Mus,Muridae,Rodentia,10.6163845,17.503656,9.131997,16.819202,10.301061,-1.5317806,0.1310776,-0.5785866,,9.77339,18.68836,-0.9072984,11.2328005,-4.2444367
mMumuD1,Pla2g2D1,+,Mus musculus,Mus musculus,Mus,Muridae,Rodentia,,,,,,,,,,,,,,
mMumuV1,Pla2g2V1,-,Mus musculus,Mus musculus,Mus,Muridae,Rodentia,,,,,,,,,,,,,,
mMumuA,Pla2g2A,+,Mus musculus,Mus musculus,Mus,Muridae,Rodentia,5.2521486,13.879394,9.4716835,16.995874,4.08049,-0.2750527,-0.34017766,0.38366348,,0.75231105,-5.7954955,-1.8395504,-3.8848958,-2.8611755
mMumuE,Pla2g2E,+,Mus musculus,Mus musculus,Mus,Muridae,Rodentia,11.616538,7.730315,12.927694,10.524965,3.1723752,2.1569457,0.04392799,0.471905,,1.9345746,-27.414684,-1.9192157,-10.94472,8.293113
mMupuC,Pla2g2C,+,Mustela putorius furo,Mustela putorius,Mustela,Mustelidae,Carnivora,9.620428,-5.878514,7.757208,-8.165327,2.4450538,2.8695934,0.5087174,-0.93953574,,-0.5606513,-40.035595,0.61460936,-17.49633,5.7858086
mMupuF,Pla2g2F,-,Mustela putorius furo,Mustela putorius,Mustela,Mustelidae,Carnivora,11.22484,17.31425,9.080888,16.316118,11.213454,-1.1426389,0.17274083,-0.5215621,,10.019572,21.020752,-1.8220944,12.701663,-6.122931
mMupuD,Pla2g2D1,+,Mustela putorius furo,Mustela putorius,Mustela,Mustelidae,Carnivora,7.0556602,9.670131,12.297561,17.033075,5.3261414,0.08217475,-0.06456166,-0.22170748,,-9.056701,0.86717147,6.5496325,-3.7845092,-1.16708
mMupuV,Pla2g2V1,-,Mustela putorius furo,Mustela putorius,Mustela,Mustelidae,Carnivora,6.2191663,16.36576,7.6130967,17.245338,6.903593,-0.70035243,-0.12040241,0.024039634,,-1.249576,7.5862164,1.5850356,4.1805935,-0.5417224
mMupuE,Pla2g2E,+,Mustela putorius furo,Mustela putorius,Mustela,Mustelidae,Carnivora,11.987504,8.57161,12.292799,10.316243,2.5945442,1.9251336,0.19933681,0.67402494,,0.39927328,-26.528378,-2.7522638,-9.440562,8.414603
mMyluE,Pla2g2E,-,Myotis lucifugus,Myotis lucifugus,Myotis,Vespertilionidae,Chiroptera,11.253701,8.796126,11.942933,11.120124,3.0798628,1.50346,0.020196166,0.44288433,,1.3442639,-25.121693,-1.6391672,-8.762263,7.270918
mMyluA1,Pla2g2A,-,Myotis lucifugus,Myotis lucifugus,Myotis,Vespertilionidae,Chiroptera,7.2902,14.508939,9.527842,16.684113,6.0533257,-0.38277793,-0.22903058,0.10582436,,2.496512,0.59586954,-1.1361171,1.2733175,-0.5669408
mMyluA2,Pla2g2A,-,Myotis lucifugus,Myotis lucifugus,Myotis,Vespertilionidae,Chiroptera,7.040377,14.8267355,8.938186,16.745352,5.7617583,-0.42369604,-0.16032228,0.1370687,,2.6458132,0.7698644,-1.3028961,1.4635084,-0.34944054
mMyluA4,Pla2g2A,-,Myotis lucifugus,Myotis lucifugus,Myotis,Vespertilionidae,Chiroptera,4.6279573,13.003498,9.927098,17.049725,3.3338094,-0.035739813,-0.3476141,0.721915,,-1.0705516,-8.261847,-3.7915604,-4.9203315,-1.2445958
mMyluV,Pla2g2V1,+,Myotis lucifugus,Myotis lucifugus,Myotis,Vespertilionidae,Chiroptera,6.4968023,16.459293,7.854056,17.360826,6.9199576,-0.6958906,-0.27070832,-0.10680131,,-0.05498003,8.505042,0.5392436,5.1939626,-0.5302275
mMyluD,Pla2g2D1,-,Myotis lucifugus,Myotis lucifugus,Myotis,Vespertilionidae,Chiroptera,7.329224,9.623672,12.212011,17.06073,5.7246833,-0.1331857,0.0966669,0.022962043,,-8.368343,2.1813257,6.106992,-1.6039072,-1.3706064
mMyluF,Pla2g2F,+,Myotis lucifugus,Myotis lucifugus,Myotis,Vespertilionidae,Chiroptera,11.490433,16.981773,8.988074,16.036615,10.533981,-1.1494728,0.0503248,-0.42027062,,10.513633,21.524746,-2.7972748,11.611134,-5.239445
mMyluC,Pla2g2C,-,Myotis lucifugus,Myotis lucifugus,Myotis,Vespertilionidae,Chiroptera,9.156536,-5.4698772,7.3491077,-8.294338,2.2525017,3.255224,0.42782247,-0.9191367,,-0.5697179,-41.237255,-0.76237005,-18.352583,4.6797037
bNaauB,Pla2g2B,-,Nannopterum,,Nannopterum,Phalacrocoracidae,Pelecaniformes,-5.174499,23.04254,-1.2984225,1.7149786,1.8814443,-1.3504409,2.1912124,0.52310747,,-4.875273,27.891977,7.454537,10.32764,-3.5202286
bNaauD,Pla2g2D3,-,Nannopterum,,Nannopterum,Phalacrocoracidae,Pelecaniformes,4.2469864,16.019718,7.300379,17.912546,4.934541,-0.49827546,-0.27319136,0.25164208,,-17.588835,-1.6798851,1.4820725,2.075144,5.211724
bNaauC,Pla2g2C,-,Nannopterum,,Nannopterum,Phalacrocoracidae,Pelecaniformes,15.012346,14.88439,7.7974205,12.569194,1.0337352,0.3611993,0.1349806,0.24908249,,-11.216341,-10.985369,3.9445713,-9.464535,1.9868119
mNescE,Pla2g2E,-,Neomonachus schauinslandi,Neomonachus schauinslandi,Neomonachus,Phocidae,Carnivora,12.545882,7.8608413,12.988408,9.975651,2.5562627,2.3490148,0.46221656,0.66322297,,0.26385674,-28.156862,-2.5455549,-10.190308,9.967542
mNescV,Pla2g2V1,+,Neomonachus schauinslandi,Neomonachus schauinslandi,Neomonachus,Phocidae,Carnivora,5.300415,16.290892,7.3365397,17.773977,6.01965,-0.34451234,0.019224448,0.2192746,,-2.8843336,7.857719,3.1921766,4.605919,0.6552731
mNescD,Pla2g2D1,-,Neomonachus schauinslandi,Neomonachus schauinslandi,Neomonachus,Phocidae,Carnivora,7.2720666,9.863732,12.044985,17.198957,5.5076604,-0.10921989,-0.19893241,-0.1184461,,-7.7960606,0.9636499,5.4892073,-2.356881,-0.49864563
mNescF,Pla2g2F,+,Neomonachus schauinslandi,Neomonachus schauinslandi,Neomonachus,Phocidae,Carnivora,11.18988,17.715952,8.666511,16.568594,10.881231,-1.2702141,0.28153148,-0.5669753,,9.587878,20.576637,-1.0048323,12.335635,-5.916977
sNoscF,Pla2g2F,-,Notechis scutatus,Notechis scutatus,Notechis,Elapidae,Squamata,9.008892,20.004217,11.393442,17.671194,8.675937,-0.75899386,-0.285235,-0.34407148,,-1.8120354,17.535322,-0.3759777,4.7499433,-8.410658
sNoscD,Pla2g2D1,+,Notechis scutatus,Notechis scutatus,Notechis,Elapidae,Squamata,4.1048675,15.081179,7.4485536,16.908983,4.550019,-0.21957581,0.34779432,0.23768699,,-13.598776,1.3949224,5.680488,2.0899758,2.2788136
sNoscGc,Pla2g2Gc,+,Notechis scutatus,Notechis scutatus,Notechis,Elapidae,Squamata,10.24163,11.941284,10.233447,12.775656,5.2655277,1.0668603,-0.3895295,-0.47886878,,12.980616,-7.134143,-4.5168443,-2.7537718,6.5080633
sNoscE,Pla2g2E,+,Notechis scutatus,Notechis scutatus,Notechis,Elapidae,Squamata,1.2192986,12.38392,4.283542,12.55274,3.5673509,-0.1216696,0.27440903,0.0016378564,,-12.890408,7.198557,9.435339,0.7485861,1.5410641
mOcprC,Pla2g2C,+,Ochotona princeps,Ochotona princeps,Ochotona,Ochotonidae,Lagomorpha,9.222469,-6.385298,8.211511,-8.6917925,2.3395722,2.450314,0.41489163,-0.8721304,,-0.24724808,-39.133724,-0.8020718,-16.359465,6.0194917
mOcprF,Pla2g2F,-,Ochotona princeps,Ochotona princeps,Ochotona,Ochotonidae,Lagomorpha,10.930605,17.561052,8.769253,17.025784,10.665753,-1.3621707,0.32679498,-0.4965071,,8.800512,20.119226,-0.70271975,11.369623,-6.289919
mOcprD,Pla2g2D1,+,Ochotona princeps,Ochotona princeps,Ochotona,Ochotonidae,Lagomorpha,7.226569,10.11643,12.00273,16.993511,5.3033094,-0.11401719,-0.16682859,-0.07771763,,-7.871331,1.3661542,4.836194,-2.3146722,-0.91361946
mOcprV,Pla2g2V1,-,Ochotona princeps,Ochotona princeps,Ochotona,Ochotonidae,Lagomorpha,5.8691807,17.263115,7.373811,18.088835,7.275968,-0.78810304,0.016236112,0.10701081,,-1.4993712,9.986251,2.270731,6.233305,-1.4185176
mOcprA3,Pla2g2A,+,Ochotona princeps,Ochotona princeps,Ochotona,Ochotonidae,Lagomorpha,7.305363,14.757316,8.765954,16.234823,5.9326835,-0.47239816,-0.47530013,0.0026498502,,4.0377355,-1.0188899,-3.896224,-0.16637596,-0.3792622
mOcprA2,Pla2g2A,+,Ochotona princeps,Ochotona princeps,Ochotona,Ochotonidae,Lagomorpha,4.242593,12.976662,10.347282,17.41131,3.16644,-0.015362308,-0.12733626,1.0482864,,-2.4094052,-8.660993,-5.3779263,-4.8098702,-1.3433686
mOcprA1,Pla2g2A,+,Ochotona princeps,Ochotona princeps,Ochotona,Ochotonidae,Lagomorpha,7.148457,13.60321,9.638676,15.9741955,5.3026485,-0.1752992,-0.58527434,0.13847853,,2.1143825,-2.395656,-1.0266769,-1.0945126,0.273981
mOcprE,Pla2g2E,+,Ochotona princeps,Ochotona princeps,Ochotona,Ochotonidae,Lagomorpha,12.022743,7.701929,12.847674,10.141984,2.699137,2.3072796,0.32212228,0.6165157,,1.4232866,-27.835268,-1.4912969,-11.09612,9.206526
mOdviC,Pla2g2C,+,Odocoileus virginianus texanus,Odocoileus virginianus,Odocoileus,Cervidae,Artiodactyla,9.701908,-5.427166,7.439651,-8.580396,2.8862734,3.205199,0.42181027,-0.9001324,,-1.4855222,-41.245632,0.44852024,-17.914415,4.4990177
mOdviF,Pla2g2F,-,Odocoileus virginianus texanus,Odocoileus virginianus,Odocoileus,Cervidae,Artiodactyla,11.2730875,16.249727,8.300701,15.661049,10.287871,-0.9794908,-0.0034575895,-0.40978354,,9.717078,22.828848,-3.2935987,12.03582,-7.1406
mOdviD,Pla2g2D1,+,Odocoileus virginianus texanus,Odocoileus virginianus,Odocoileus,Cervidae,Artiodactyla,8.472868,9.841082,11.883777,16.566467,6.274807,-0.3303233,-0.01701733,-0.20014217,,-5.431598,3.198268,5.2303786,-2.6791482,-3.8834631
mOdviV,Pla2g2V1,-,Odocoileus virginianus texanus,Odocoileus virginianus,Odocoileus,Cervidae,Artiodactyla,5.422997,17.127386,6.9513917,17.407606,7.3834133,-0.7844527,0.066962235,-0.2004017,,-2.9744494,10.360661,3.6517546,5.57283,-1.8851953
mOdviA3,Pla2g2A,+,Odocoileus virginianus texanus,Odocoileus virginianus,Odocoileus,Cervidae,Artiodactyla,6.0727563,13.386117,10.129308,16.806795,4.892981,-0.051908415,-0.03867198,0.29305157,,-1.7775509,-3.5194478,-0.34572598,-2.8605628,-1.2731069
mOdviA2,Pla2g2A,+,Odocoileus virginianus texanus,Odocoileus virginianus,Odocoileus,Cervidae,Artiodactyla,6.707856,14.026941,9.826141,16.653687,5.404875,-0.15724276,-0.40962043,0.34523895,,1.145051,-1.4742751,-1.205572,-0.7280341,-1.0046074
mOdviA1,Pla2g2A,+,Odocoileus virginianus texanus,Odocoileus virginianus,Odocoileus,Cervidae,Artiodactyla,6.4131374,15.194062,9.242127,17.540104,6.2186184,-0.6242593,-0.28337744,0.18044816,,0.88362855,3.3200357,-0.28266373,1.5531073,-3.318441
mOdviE,Pla2g2E,+,Odocoileus virginianus texanus,Odocoileus virginianus,Odocoileus,Cervidae,Artiodactyla,12.076278,7.5506973,12.857439,10.564348,2.443987,2.215036,0.29872537,0.72336894,,1.1414468,-28.196512,-3.2360296,-10.554605,9.222712
sOphaE,Pla2g2E,-,Ophiophagus hannah,Ophiophagus hannah,Ophiophagus,Elapidae,Squamata,1.1962117,12.587577,4.4549184,12.501312,3.56354,0.06495703,0.3353225,0.0065543246,,-12.669303,7.307194,9.843564,0.6196704,1.9280044
sOphaGc,Pla2g2Gc,-,Ophiophagus hannah,Ophiophagus hannah,Ophiophagus,Elapidae,Squamata,10.0481205,12.604136,9.378411,12.959448,5.802622,0.35689285,-0.3962436,-0.29752332,,12.934684,-4.979814,-5.6202526,-1.4340469,4.9087024
sOphaD,Pla2g2D1,-,Ophiophagus hannah,Ophiophagus hannah,Ophiophagus,Elapidae,Squamata,3.915255,14.780201,7.6370625,16.80314,4.248169,-0.19384634,-0.061901983,0.17731136,,-13.105749,0.5036738,4.7773066,1.3652638,2.0063102
sOphaF,Pla2g2F,+,Ophiophagus hannah,Ophiophagus hannah,Ophiophagus,Elapidae,Squamata,8.945823,19.647429,11.376532,17.618526,8.600796,-0.7841254,-0.284678,-0.29509202,,-1.4355565,17.62976,-0.10983217,4.0945935,-7.816985
sOpgrF,Pla2g2F,-,Dopasia gracilis,Dopasia gracilis,Dopasia,Anguidae,Squamata,9.850599,17.99629,10.038467,16.949097,9.344025,-1.2008402,0.019445457,-0.57797337,,5.4890785,17.420542,-0.26692086,7.9733768,-6.2884107
sOpgrDb,Pla2g2D1,+,Dopasia gracilis,Dopasia gracilis,Dopasia,Anguidae,Squamata,7.0163536,16.062124,8.501517,16.86104,7.033469,-0.83213687,-0.15227479,-0.03704669,,1.0428278,7.002717,-0.66381824,4.8686543,-2.6792877
sOpgrG0,Pla2g2G0,+,Dopasia gracilis,Dopasia gracilis,Dopasia,Anguidae,Squamata,,,,,,,,,,,,,,
mOpgrE,Pla2g2E,-,Dopasia gracilis,Dopasia gracilis,Dopasia,Anguidae,Squamata,,,,,,,,,,,,,,
bOphoC,Pla2g2C,+,Opisthocomus hoazin,Opisthocomus hoazin,Opisthocomus,Opisthocomidae,Opisthocomiformes,15.47322,15.190361,7.7868633,13.087517,0.9233386,0.12620194,-0.16506201,0.023550993,,-10.683588,-9.400213,3.3474061,-8.175422,0.5879272
bOphoD,Pla2g2D3,+,Opisthocomus hoazin,Opisthocomus hoazin,Opisthocomus,Opisthocomidae,Opisthocomiformes,4.1313305,16.031693,7.2171235,17.606777,4.688785,-0.3593167,-0.123821385,0.19186234,,-16.22178,-1.6799315,2.7009768,1.8964049,4.284125
bOphoE,Pla2g2E,+,Opisthocomus hoazin,Opisthocomus hoazin,Opisthocomus,Opisthocomidae,Opisthocomiformes,4.8143425,10.945192,10.468788,15.634184,2.4617028,1.3430052,-0.6205443,0.82216066,,0.33505592,-15.797323,-3.7661746,-7.9561496,2.461109
mOrorE,Pla2g2E,-,Orcinus orca,Orcinus orca,Orcinus,Delphinidae,Artiodactyla,11.277129,9.183049,11.993639,11.355548,3.1117933,1.2104906,0.31114933,0.368746,,1.7229866,-24.672873,-1.0101237,-8.929698,6.774717
mOrorV,Pla2g2V1,+,Orcinus orca,Orcinus orca,Orcinus,Delphinidae,Artiodactyla,5.3077455,16.9474,6.753806,17.940035,6.700861,-0.42287186,0.07376463,0.23679976,,-4.2446694,9.995302,3.3362217,3.9224167,-0.9486128
mOrorD,Pla2g2D1,-,Orcinus orca,Orcinus orca,Orcinus,Delphinidae,Artiodactyla,6.5513983,10.082486,12.257145,16.448072,4.997574,0.21174462,-0.3595587,-0.0766666,,-6.96361,-0.47281626,4.6613507,-3.8202274,-0.5873272
mOrorC,Pla2g2C,-,Orcinus orca,Orcinus orca,Orcinus,Delphinidae,Artiodactyla,8.678209,12.103288,10.364167,14.984164,6.5515537,0.25143403,1.0460285,-0.7205871,,13.532154,3.742262,-2.7825832,6.6366916,4.251281
mOranF,Pla2g2F,-,Ornithorhynchus anatinus,Ornithorhynchus anatinus,Ornithorhynchus,Ornithorhynchidae,Monotremata,11.89036,17.668043,9.400628,16.02147,10.627039,-1.2345264,-0.04199444,-0.70982176,,11.487952,19.755621,-1.8289434,13.168515,-4.0029955
mOranD,Pla2g2D1,+,Ornithorhynchus anatinus,Ornithorhynchus anatinus,Ornithorhynchus,Ornithorhynchidae,Monotremata,4.287473,15.142299,7.8179283,16.995895,4.4273596,-0.060488753,-0.014912533,0.2244389,,-13.182324,-0.6303379,3.840018,0.8442016,2.614006
mOran4,Pla2g2D1,+,Ornithorhynchus anatinus,Ornithorhynchus anatinus,Ornithorhynchus,Ornithorhynchidae,Monotremata,8.234926,17.212685,10.059056,17.34395,7.57208,-0.8425327,0.24943173,-0.06149164,,4.0843544,16.096872,0.32527366,6.453036,-5.147059
mOran3,Pla2g2,-,Ornithorhynchus anatinus,Ornithorhynchus anatinus,Ornithorhynchus,Ornithorhynchidae,Monotremata,5.374272,12.632891,9.835134,16.340702,3.8109298,0.122083895,-0.35054362,0.35912004,,1.4602677,-8.721805,-1.6061616,-5.8767734,-1.2313542
mOran2,Pla2g2D2,+,Ornithorhynchus anatinus,Ornithorhynchus anatinus,Ornithorhynchus,Ornithorhynchidae,Monotremata,10.048421,16.693268,8.739083,16.115347,9.491472,-1.1734666,0.34133148,-0.41799182,,7.234929,14.164455,-3.5886211,8.8860035,-5.302833
mOranE,Pla2g2E,+,Ornithorhynchus anatinus,Ornithorhynchus anatinus,Ornithorhynchus,Ornithorhynchidae,Monotremata,10.537799,9.351374,11.782635,12.171674,3.1963298,0.8952513,-0.11563024,0.42696792,,1.2184122,-23.041216,-1.446693,-7.904785,5.3511434
mOrcuC,Pla2g2C,+,Oryctolagus cuniculus,Oryctolagus cuniculus,Oryctolagus,Leporidae,Lagomorpha,9.199743,-6.4859805,8.319736,-8.578423,2.271849,2.6828363,0.5295264,-0.8183924,,0.21156195,-39.674538,-0.5435245,-17.26794,6.6188297
mOrcuF,Pla2g2F,-,Oryctolagus cuniculus,Oryctolagus cuniculus,Oryctolagus,Leporidae,Lagomorpha,10.75832,17.164654,8.849685,16.817682,10.333429,-1.3618885,0.26492324,-0.5660658,,8.889778,19.85171,-1.2033188,10.952289,-5.9398627
mOrcuD,Pla2g2D1,+,Oryctolagus cuniculus,Oryctolagus cuniculus,Oryctolagus,Leporidae,Lagomorpha,6.701054,9.844666,12.414392,17.027575,5.0284157,0.22189136,0.07600894,0.04367969,,-9.075602,-0.7658168,6.1790986,-2.9213567,1.1601052
mOrcuV,Pla2g2V1,-,Oryctolagus cuniculus,Oryctolagus cuniculus,Oryctolagus,Leporidae,Lagomorpha,6.128266,17.281689,7.280217,17.781624,7.49972,-0.814448,-0.09248924,0.022093222,,-1.243271,10.171739,1.968446,6.566854,-1.3400252
mOrcuA4,Pla2g2A,+,Oryctolagus cuniculus,Oryctolagus cuniculus,Oryctolagus,Leporidae,Lagomorpha,6.352856,13.811947,9.368796,16.47232,4.5876274,-0.22691537,-0.55684775,0.37473634,,4.012451,-1.207629,-3.9353943,-0.33827135,-0.40168765
mOrcuA3,Pla2g2A,-,Oryctolagus cuniculus,Oryctolagus cuniculus,Oryctolagus,Leporidae,Lagomorpha,4.131527,12.777924,10.356949,17.332994,3.2491777,0.13960758,-0.10393539,0.97607094,,-2.1357496,-8.697636,-5.0463467,-4.885262,-1.1690358
mOrcuA2,Pla2g2A,+,Oryctolagus cuniculus,Oryctolagus cuniculus,Oryctolagus,Leporidae,Lagomorpha,5.1375966,12.946872,10.076132,16.526628,3.610026,0.12044725,-0.47933576,0.53977686,,0.08532399,-8.642815,-2.5599315,-4.468596,-0.50223666
mOrcuA,Pla2g2A,+,Oryctolagus cuniculus,Oryctolagus cuniculus,Oryctolagus,Leporidae,Lagomorpha,,,,,,,,,,,,,,
mOrcuE,Pla2g2E,+,Oryctolagus cuniculus,Oryctolagus cuniculus,Oryctolagus,Leporidae,Lagomorpha,11.9830675,7.853138,12.6555195,10.407147,3.0931737,2.0488615,0.1701064,0.6408327,,1.3941174,-27.191687,-2.8005733,-10.483485,8.120036
mOvarC,Pla2g2C,+,Ovis aries,Ovis aries,Ovis,Bovidae,Artiodactyla,9.800663,-5.592883,7.400346,-8.741086,2.7651386,3.0725586,0.5449065,-0.86095345,,-1.3356693,-40.897503,-0.23770523,-17.684843,4.1585155
mOvarF,Pla2g2F,-,Ovis aries,Ovis aries,Ovis,Bovidae,Artiodactyla,11.223204,16.373356,8.173279,15.726374,10.552808,-1.0427912,0.06032602,-0.45388225,,9.293049,22.792511,-2.825482,11.383738,-7.238327
mOvarD,Pla2g2D1,+,Ovis aries,Ovis aries,Ovis,Bovidae,Artiodactyla,7.9670596,10.131811,11.527296,16.452837,5.9164777,-0.18770912,-0.20712051,-0.24139422,,-5.838744,2.2135901,5.357707,-2.5618386,-2.5993538
mOvarA3,Pla2g2A,+,Ovis aries,Ovis aries,Ovis,Bovidae,Artiodactyla,6.0172806,13.906811,9.664616,16.84701,4.912917,-0.321534,-0.32614464,0.3910822,,-0.8731758,-3.840622,-1.1269568,-2.4429798,-2.0997117
mOvarA2,Pla2g2A,+,Ovis aries,Ovis aries,Ovis,Bovidae,Artiodactyla,7.0048594,14.73494,9.217488,16.707397,5.9263597,-0.46800688,-0.26233366,0.11130166,,1.3257504,0.06804605,-2.0878367,0.5591491,-1.98167
mOvarA1,Pla2g2A,+,Ovis aries,Ovis aries,Ovis,Bovidae,Artiodactyla,6.430268,15.159448,8.901605,17.278822,5.9479866,-0.6382425,-0.3420976,0.19983166,,1.0070053,2.7735288,-0.94562024,1.5290185,-3.7463865
mPatiC,Pla2g2C,+,Panthera tigris altaica,Panthera tigris,Panthera,Felidae,Carnivora,8.905895,-6.2697444,8.289119,-8.366645,2.4919138,2.7326822,0.45149153,-0.83800507,,-0.36301607,-39.728134,-0.53294474,-16.987556,5.6813784
mPatiF,Pla2g2F,-,Panthera tigris altaica,Panthera tigris,Panthera,Felidae,Carnivora,11.476062,17.148436,9.110867,16.070341,11.10545,-1.2412375,0.16475028,-0.5951294,,10.488481,20.318882,-1.5421904,12.578661,-5.008743
mPatiD,Pla2g2D1,+,Panthera tigris altaica,Panthera tigris,Panthera,Felidae,Carnivora,6.8791094,9.287159,12.579194,16.521326,5.182464,0.29070976,0.050334208,-0.026361497,,-8.648464,0.034153253,6.5160937,-3.3078132,-0.009282695
mPatiV,Pla2g2V1,-,Panthera tigris altaica,Panthera tigris,Panthera,Felidae,Carnivora,5.9054246,16.770615,7.6643205,18.077797,7.0936265,-0.70527256,-0.05873598,0.034462873,,-1.6099133,9.253175,2.215696,5.9001665,-0.38141403
mPatiE,Pla2g2E,+,Panthera tigris altaica,Panthera tigris,Panthera,Felidae,Carnivora,12.3195715,8.054022,12.741593,10.137978,2.5027797,2.1846528,0.4439566,0.57389283,,0.41146964,-27.662996,-1.2876717,-10.345193,9.545044
mPahoC,Pla2g2C,+,Pantholops hodgsonii,Pantholops hodgsonii,Pantholops,Bovidae,Artiodactyla,10.071705,-5.7261395,7.361355,-8.90693,2.6825142,3.0157006,0.4225539,-0.93177205,,-1.8156105,-40.63805,0.6543635,-17.232689,4.673186
mPahoF,Pla2g2F,-,Pantholops hodgsonii,Pantholops hodgsonii,Pantholops,Bovidae,Artiodactyla,11.427285,16.239609,8.121475,15.669782,10.656533,-1.0040501,0.0022760348,-0.42691222,,9.659265,22.839613,-2.971436,12.214766,-7.333388
mPahoD,Pla2g2D1,+,Pantholops hodgsonii,Pantholops hodgsonii,Pantholops,Bovidae,Artiodactyla,8.089862,9.606107,12.031297,16.68075,6.2248054,-0.19899122,-0.058573335,-0.11608464,,-5.5942335,2.826265,5.3117924,-2.6455655,-3.401443
mPahoV,Pla2g2V1,-,Pantholops hodgsonii,Pantholops hodgsonii,Pantholops,Bovidae,Artiodactyla,5.514523,16.785187,7.152405,17.252682,6.898084,-0.63653654,-0.0046092435,-0.01077482,,-3.2462893,9.862134,3.7205632,4.9560695,-1.4836447
mPahoA5,Pla2g2A,+,Pantholops hodgsonii,Pantholops hodgsonii,Pantholops,Bovidae,Artiodactyla,5.6706524,13.621604,9.961115,17.019901,4.515726,-0.2010207,-0.39641774,0.45993456,,-1.0686468,-3.955432,-1.0274439,-2.6441808,-1.8674239
mPahoA3,Pla2g2A,+,Pantholops hodgsonii,Pantholops hodgsonii,Pantholops,Bovidae,Artiodactyla,7.0040407,13.987907,9.537406,16.317028,5.813911,-0.4133855,-0.49782002,0.10627151,,1.5281422,-0.8105019,-1.7224889,-0.08052779,-1.3490243
mPahoA1,Pla2g2A,+,Pantholops hodgsonii,Pantholops hodgsonii,Pantholops,Bovidae,Artiodactyla,6.7472844,15.344364,9.11848,17.40728,6.343145,-0.6533449,-0.2537545,0.17228018,,0.8323191,3.5017786,-0.24759512,1.9626498,-3.3340178
mPahoE,Pla2g2E,+,Pantholops hodgsonii,Pantholops hodgsonii,Pantholops,Bovidae,Artiodactyla,12.497494,7.587011,13.468557,10.567368,2.2927,2.6361196,0.18737249,0.7237374,,1.1862444,-29.025412,-2.9391038,-11.421483,9.931732
sPapiE,Pla2g2E,-,Paroedura picta,Paroedura picta,Paroedura,Gekkonidae,Squamata,6.8666844,12.25866,10.13942,15.057262,4.3195186,0.16558689,-0.4551459,0.11044718,,3.503877,-11.178793,-0.5849806,-4.6041384,3.1591108
sPapiG0,Pla2g2G0,-,Paroedura picta,Paroedura picta,Paroedura,Gekkonidae,Squamata,,,,,,,,,,,,,,
sPapiF,Pla2g2F,+,Paroedura picta,Paroedura picta,Paroedura,Gekkonidae,Squamata,10.552487,17.69274,9.322131,16.624115,10.078178,-1.1651897,0.23261966,-0.74403346,,6.4976954,17.9275,-0.64044833,8.9567375,-6.255214
bPafaC,Pla2g2C,+,Patagioenas fasciata monilis,Patagioenas fasciata,Patagioenas,Columbidae,Columbiformes,14.533351,15.195413,7.118092,12.86745,0.9190333,0.00023583678,0.22067212,0.12665898,,-12.297887,-9.80422,4.943716,-9.520642,0.878389
bPafaD,Pla2g2D3,+,Patagioenas fasciata monilis,Patagioenas fasciata,Patagioenas,Columbidae,Columbiformes,3.5516496,15.986029,6.812552,17.919819,4.2828765,-0.13287705,-0.047478,0.5406437,,-15.358803,-2.3171191,4.3377748,2.1011283,5.3945885
bPafaB,Pla2g2B,+,Patagioenas fasciata monilis,Patagioenas fasciata,Patagioenas,Columbidae,Columbiformes,-5.7524395,23.138393,-1.4550793,1.6718645,2.1069355,-1.4089618,2.4105217,0.4873174,,-5.4648175,28.747873,8.121201,9.695986,-3.041492
cPesiF,Pla2g2F,-,Pelodiscus sinensis,Pelodiscus sinensis,Pelodiscus,Trionychidae,Testudines,7.161791,13.084419,10.055315,15.567826,5.0844407,-0.10536301,-0.4414723,0.09644135,,4.3103437,-4.1165476,0.09127533,-1.936004,2.2560823
cPesiD3,Pla2g2D3,+,Pelodiscus sinensis,Pelodiscus sinensis,Pelodiscus,Trionychidae,Testudines,7.1866674,12.526883,9.10687,15.97101,5.2136645,-0.026125276,-0.35449943,-0.1745854,,-1.6132343,0.6019199,1.5198654,-0.1744069,0.0710877
cPesiD2,Pla2g2D2,+,Pelodiscus sinensis,Pelodiscus sinensis,Pelodiscus,Trionychidae,Testudines,5.9395003,11.741083,10.940706,15.620553,3.8677442,0.5946097,-0.26304367,0.41659436,,0.3242414,-11.672745,-0.082278036,-6.1011114,1.0644499
cPesiD1,Pla2g2D1,+,Pelodiscus sinensis,Pelodiscus sinensis,Pelodiscus,Trionychidae,Testudines,6.8102884,10.984461,11.732972,15.651447,4.821842,0.33275354,-0.04926055,0.06889851,,7.8149557,-10.70046,3.7335098,-4.6067224,3.0288036
cPesiE,Pla2g2E,+,Pelodiscus sinensis,Pelodiscus sinensis,Pelodiscus,Trionychidae,Testudines,6.156044,11.50985,10.76396,14.721601,3.4898167,0.7190839,-0.25649226,0.34003156,,0.7780354,-13.022031,-1.2688085,-6.7523685,3.512345
mPhciC,Pla2g2C,+,Phascolarctos cinereus,Phascolarctos cinereus,Phascolarctos,Phascolarctidae,Diprotodontia,9.75148,-6.5722556,8.2321615,-8.819996,2.7337744,2.1112728,0.12647781,-0.6994726,,-0.066516146,-37.93493,-0.013921641,-15.429336,6.707537
mPhciF,Pla2g2F,-,Phascolarctos cinereus,Phascolarctos cinereus,Phascolarctos,Phascolarctidae,Diprotodontia,12.237221,17.514761,9.603163,15.989179,10.894519,-1.2047768,-0.062320836,-0.6355561,,12.181685,20.127167,-2.838779,12.88435,-3.9781268
mPhciDb,Pla2g2D1,+,Phascolarctos cinereus,Phascolarctos cinereus,Phascolarctos,Phascolarctidae,Diprotodontia,6.7845345,10.391569,11.958371,16.43313,4.775912,0.39459637,-0.39139304,0.024052033,,-6.093404,-1.3000065,3.3131118,-4.0618114,-0.4629761
mPhciDa,Pla2g2D1,+,Phascolarctos cinereus,Phascolarctos cinereus,Phascolarctos,Phascolarctidae,Diprotodontia,8.198773,15.935308,9.221908,16.49541,7.6981196,-1.1079674,-0.32718447,-0.0849046,,6.820465,9.233781,-3.101434,4.52347,-3.5131736
mPhciV4,Pla2g2V2,+,Phascolarctos cinereus,Phascolarctos cinereus,Phascolarctos,Phascolarctidae,Diprotodontia,,,,,,,,,,,,,,
mPhciV3,Pla2g2V2,+,Phascolarctos cinereus,Phascolarctos cinereus,Phascolarctos,Phascolarctidae,Diprotodontia,7.2698827,14.607395,8.989354,15.921038,6.0139036,-0.5199423,-0.7502496,-0.13632683,,4.7445846,1.8207542,-3.7474694,2.1852028,-3.897247
mPhciV2,Pla2g2V2,+,Phascolarctos cinereus,Phascolarctos cinereus,Phascolarctos,Phascolarctidae,Diprotodontia,6.48663,14.471828,8.867922,16.392391,5.6990542,-0.591523,-0.6632546,0.022197336,,4.717649,1.8066883,-3.732232,2.187397,-3.9033365
mPhciV1,Pla2g2V2,+,Phascolarctos cinereus,Phascolarctos cinereus,Phascolarctos,Phascolarctidae,Diprotodontia,5.1510277,13.5295315,9.194013,16.79021,3.4821343,-0.27362853,-0.6905604,0.5419681,,1.1471682,-7.0899954,-2.2872622,-5.4395146,-2.8872287
mPhciE,Pla2g2E,+,Phascolarctos cinereus,Phascolarctos cinereus,Phascolarctos,Phascolarctidae,Diprotodontia,10.966217,9.159348,11.956657,11.627485,3.359413,1.3023155,-0.392582,0.18251266,,1.8256422,-23.06267,-1.77168,-7.4998546,6.301879
sPoviF,Pla2g2F,+,Pogona vitticeps,Pogona vitticeps,Pogona,Agamidae,Squamata,9.326295,18.676048,10.784477,17.301762,8.789779,-1.0252919,-0.07676501,-0.41781726,,5.2160354,17.356104,-0.16906023,7.7171736,-6.3791885
sPoviD,Pla2g2D1,+,Pogona vitticeps,Pogona vitticeps,Pogona,Agamidae,Squamata,6.8088408,16.542675,8.012969,17.155302,7.3463826,-0.81231374,-0.059465665,-0.14395191,,0.8166938,7.3010516,-0.33468604,5.0628915,-2.453356
sPoviG0,Pla2g2G0,+,Pogona vitticeps,Pogona vitticeps,Pogona,Agamidae,Squamata,,,,,,,,,,,,,,
sPoviE,Pla2g2E,+,Pogona vitticeps,Pogona vitticeps,Pogona,Agamidae,Squamata,6.7280765,12.007819,9.930752,14.768244,3.9782844,0.0069045383,-0.058255646,0.20990138,,3.8337216,-11.299976,-0.05711126,-4.4611325,3.2935839
sPrflGck,Pla2g2,+,Protobothrops flavoviridis,Protobothrops flavoviridis,Protobothrops,Viperidae,Squamata,9.116979,15.001351,9.083572,14.981082,7.329218,-0.6485487,0.20024915,-0.0061674877,,12.488109,3.9204082,-3.1847343,6.2594476,3.4041312
sPrflGk49,Pla2g2Gk,+,Protobothrops flavoviridis,Protobothrops flavoviridis,Protobothrops,Viperidae,Squamata,8.018048,14.023766,9.565199,15.233443,6.1269717,-0.2554922,-0.4097354,-0.010084977,,7.62452,4.567589,-5.3706493,2.6806972,-1.0418991
sPrflGb,Pla2g2Gb,+,Protobothrops flavoviridis,Protobothrops flavoviridis,Protobothrops,Viperidae,Squamata,9.374995,12.539469,9.490099,13.715642,5.7063293,0.28095767,-0.7080932,-0.26884282,,10.672508,-4.3380933,-3.9928257,-0.83516264,4.443537
sPrflGa2,Pla2g2Ga,+,Protobothrops flavoviridis,Protobothrops flavoviridis,Protobothrops,Viperidae,Squamata,9.046282,13.321568,9.111308,14.171147,6.1158338,-0.18033895,-0.744937,-0.22088721,,9.832046,-1.8343843,-4.769526,0.6225829,2.7577336
sPrflGa1,Pla2g2Ga,+,Protobothrops flavoviridis,Protobothrops flavoviridis,Protobothrops,Viperidae,Squamata,8.9326515,13.393431,9.203081,14.129025,6.1623764,-0.21597932,-0.71883816,-0.20315537,,9.812969,-1.7960356,-4.761437,0.6470301,2.7342684
sPrflE,Pla2g2E,+,Protobothrops flavoviridis,Protobothrops flavoviridis,Protobothrops,Viperidae,Squamata,0.57065827,12.747227,3.8640018,12.4182625,3.0476935,-0.10068658,0.3614037,0.1312101,,-13.032497,8.40774,10.665053,1.5757368,1.7536528
sPrmuE,Pla2g2E,-,Protobothrops mucrosquamatus,Protobothrops mucrosquamatus,Protobothrops,Viperidae,Squamata,0.5425672,12.579928,3.6686058,12.541754,3.233879,-0.1653451,0.3413846,0.1514957,,-13.854766,7.8388953,10.341276,1.5021653,1.1570615
sPrmuGb,Pla2g2Gb,-,Protobothrops mucrosquamatus,Protobothrops mucrosquamatus,Protobothrops,Viperidae,Squamata,9.210757,12.666802,9.775001,13.806779,5.842139,0.07552959,-0.6664606,-0.31057096,,10.530961,-3.947884,-4.0115447,-0.5024638,4.1549177
sPrmuGk49,Pla2g2Gk,-,Protobothrops mucrosquamatus,Protobothrops mucrosquamatus,Protobothrops,Viperidae,Squamata,8.246488,14.323337,9.356964,15.137681,6.479015,-0.5009625,-0.24495701,-0.1257244,,7.62162,4.7692976,-5.238676,2.8732271,-1.1087425
sPrmuGck,Pla2g2,-,Protobothrops mucrosquamatus,Protobothrops mucrosquamatus,Protobothrops,Viperidae,Squamata,10.428209,12.348343,9.929985,12.692311,5.9270387,0.3104131,-0.5383526,-0.2904476,,11.479893,-5.910718,-4.9618564,-0.32151523,6.559545
sPrmuGa1,Pla2g2Ga,+,Protobothrops mucrosquamatus,Protobothrops mucrosquamatus,Protobothrops,Viperidae,Squamata,9.083606,12.968658,9.508466,13.999494,5.905281,-0.15648076,-0.5548823,-0.28944147,,10.882457,-2.3643346,-4.400703,0.9184,4.021582
sPrmuGa2,Pla2g2Ga,+,Protobothrops mucrosquamatus,Protobothrops mucrosquamatus,Protobothrops,Viperidae,Squamata,8.672654,14.152303,8.577905,14.9055,6.478929,-0.47871643,-0.36952785,0.11017607,,8.912716,0.6572073,-3.6713102,2.5948405,1.8340354
sPrmuF,Pla2g2F,+,Protobothrops mucrosquamatus,Protobothrops mucrosquamatus,Protobothrops,Viperidae,Squamata,8.712919,19.760408,11.790249,17.483683,8.832434,-0.5390919,-0.25088492,-0.35562235,,-1.6856415,18.15496,0.59128714,3.8525937,-8.309139
sPsteF,Pla2g2F,-,Pseudonaja textilis,Pseudonaja textilis,Pseudonaja,Elapidae,Squamata,8.972882,19.716291,11.513928,17.908627,8.780132,-0.8014899,-0.31959006,-0.32774636,,-1.8256233,17.431055,-0.66006815,4.4995165,-8.255327
sPsteD,Pla2g2D1,+,Pseudonaja textilis,Pseudonaja textilis,Pseudonaja,Elapidae,Squamata,4.0924726,14.90584,7.386057,16.789652,4.7320547,-0.28090283,0.38312298,0.22915651,,-13.638405,1.4314164,5.712356,2.1453102,2.303412
sPsteGc,Pla2g2Gc,+,Pseudonaja textilis,Pseudonaja textilis,Pseudonaja,Elapidae,Squamata,10.399623,11.702241,10.145652,12.748903,5.3740206,1.3012878,-0.44927746,-0.515209,,12.976189,-7.4601517,-4.40263,-2.9097753,6.8502493
sPsteE,Pla2g2E,+,Pseudonaja textilis,Pseudonaja textilis,Pseudonaja,Elapidae,Squamata,1.1155987,12.346802,4.3822603,12.484961,3.3710458,-0.1298097,0.26767412,0.0020285523,,-12.927509,7.1425295,9.493021,0.66659033,1.4000007
bPskrE,Pla2g2E,-,Psittacula krameri,Psittacula krameri,Psittacula,Psittacidae,Psittaciformes,4.705136,11.192652,10.460502,15.577708,2.5870545,1.4014823,-0.20636852,1.0329787,,0.43987593,-16.091845,-4.2357626,-7.7583575,2.6225467
bPskrB,Pla2g2B,-,Psittacula krameri,Psittacula krameri,Psittacula,Psittacidae,Psittaciformes,-5.331026,23.574905,-0.86741674,1.907614,1.7998937,-1.4041184,2.4243562,0.44325903,,-5.2596335,29.003078,8.5555105,11.005254,-2.6359563
bPskrD,Pla2g2D3,-,Psittacula krameri,Psittacula krameri,Psittacula,Psittacidae,Psittaciformes,3.4631822,16.11268,6.497676,17.997879,4.2039485,-0.008758665,-0.01388745,0.61987466,,-16.544802,-3.030389,3.4928002,1.7397678,6.0647173
bPskrC,Pla2g2C,-,Psittacula krameri,Psittacula krameri,Psittacula,Psittacidae,Psittaciformes,14.849725,15.460976,7.3726306,12.587635,0.58491194,0.1211246,0.15136926,0.043434773,,-11.582948,-10.131853,4.7612963,-8.911799,1.4385793
mPtvaE,Pla2g2E,-,Pteropus vampyrus,Pteropus vampyrus,Pteropus,Pteropodidae,Chiroptera,11.589738,7.7638884,12.85204,10.593061,3.0885284,2.181243,0.040878505,0.30002508,,2.5311577,-27.419575,-1.0900918,-11.323428,8.255814
mPtvaV,Pla2g2V1,+,Pteropus vampyrus,Pteropus vampyrus,Pteropus,Pteropodidae,Chiroptera,6.32174,17.290506,7.667076,18.229542,7.537916,-0.83763534,-0.12938215,0.037942667,,-0.5042287,10.08408,1.3383665,6.86803,-0.32028767
mPtvaD,Pla2g2D1,-,Pteropus vampyrus,Pteropus vampyrus,Pteropus,Pteropodidae,Chiroptera,7.771108,10.349859,11.341276,17.196354,6.402622,-0.5958886,0.18157004,-0.11380922,,-7.915921,4.7738943,5.109917,0.3326064,-2.2910757
mPtvaF,Pla2g2F,+,Pteropus vampyrus,Pteropus vampyrus,Pteropus,Pteropodidae,Chiroptera,11.937382,17.381897,9.144711,15.995073,10.981584,-1.2438104,0.12392301,-0.5116829,,10.783869,21.164402,-2.3667266,11.968014,-5.032437
mPtvaC,Pla2g2C,-,Pteropus vampyrus,Pteropus vampyrus,Pteropus,Pteropodidae,Chiroptera,9.175862,-5.5682015,7.1946526,-8.283036,2.2506897,3.2176552,0.3094043,-0.9929458,,-0.7266227,-41.390556,0.46101713,-18.436522,5.297614
bPyadC,Pla2g2C,+,Pygoscelis adeliae,Pygoscelis adeliae,Pygoscelis,Spheniscidae,Sphenisciformes,14.9184065,15.055575,7.6696153,13.23143,0.7616743,0.11680274,-0.055951584,0.12372814,,-10.772771,-9.809013,3.7552261,-8.264474,1.1429298
bPyadD,Pla2g2D3,+,Pygoscelis adeliae,Pygoscelis adeliae,Pygoscelis,Spheniscidae,Sphenisciformes,3.5876088,16.258883,6.8539815,18.03971,4.6185308,-0.24279985,-0.25942314,0.54745597,,-16.89596,-2.6394813,2.6632907,1.5088836,5.7793636
bPyadB,Pla2g2B,+,Pygoscelis adeliae,Pygoscelis adeliae,Pygoscelis,Spheniscidae,Sphenisciformes,-5.439019,23.371279,-1.3794453,1.7183187,1.8112466,-1.3330264,2.2064908,0.4714829,,-5.2154617,28.339315,7.40627,10.224925,-2.5442379
sPybiE,Pla2g2E,-,Python bivittatus,Python bivittatus,Python,Pythonidae,Squamata,0.89127463,13.070028,4.0746584,12.1441345,3.1232097,-0.09132587,0.40181494,0.2575633,,-14.376866,7.0167847,10.075338,1.1114917,0.108246304
sPybiF,Pla2g2F,+,Python bivittatus,Python bivittatus,Python,Pythonidae,Squamata,9.171347,20.57024,11.819016,18.129032,8.407442,-0.65757513,-0.027043946,-0.06811942,,-2.9215257,16.908312,-1.4255033,3.5557237,-9.320744
mSahaC,Pla2g2C,+,Sarcophilus harrisii,Sarcophilus harrisii,Sarcophilus,Dasyuridae,Dasyuromorphia,9.934262,-6.4223785,8.102184,-8.799614,2.6546943,2.3523686,0.24387054,-0.6488639,,-0.09227767,-38.046265,0.09074401,-15.574329,6.659293
mSahaF,Pla2g2F,-,Sarcophilus harrisii,Sarcophilus harrisii,Sarcophilus,Dasyuridae,Dasyuromorphia,11.457421,17.981796,9.68318,16.306765,10.301529,-1.240669,-0.027269317,-0.58672166,,11.909253,19.431196,-2.289273,12.131799,-3.7256284
mSahaD,Pla2g2D1,+,Sarcophilus harrisii,Sarcophilus harrisii,Sarcophilus,Dasyuridae,Dasyuromorphia,7.053652,10.262593,12.011513,16.438395,5.199476,0.031471495,-0.62898916,-0.2098476,,-5.867109,-1.0151247,3.1979108,-3.7117329,-0.80129963
mSahaV5,Pla2g2V1,-,Sarcophilus harrisii,Sarcophilus harrisii,Sarcophilus,Dasyuridae,Dasyuromorphia,7.1905293,15.721844,8.438148,16.59381,6.816578,-0.6820296,-0.27158475,-0.24419303,,2.7282603,5.9613795,-1.4985112,5.0830545,-0.16825415
mSahaV4,Pla2g2V2,+,Sarcophilus harrisii,Sarcophilus harrisii,Sarcophilus,Dasyuridae,Dasyuromorphia,5.9455147,13.13658,9.180865,16.240486,4.201099,-0.21437329,-0.5795621,0.1281153,,2.4112418,-7.3691497,-1.0723383,-6.0030026,-2.4080305
mSahaV2,Pla2g2V1,+,Sarcophilus harrisii,Sarcophilus harrisii,Sarcophilus,Dasyuridae,Dasyuromorphia,5.0896306,12.606431,9.582028,16.364153,3.446838,0.09014861,-0.66702694,0.55398107,,1.8641896,-8.090478,-2.044114,-6.4251003,-2.0430958
mSahaE,Pla2g2E,-,Sarcophilus harrisii,Sarcophilus harrisii,Sarcophilus,Dasyuridae,Dasyuromorphia,10.809504,9.613162,11.607759,11.962325,3.6174672,1.0812321,-0.45963213,0.1278803,,1.7899458,-22.827133,-1.732372,-7.348273,6.0723567
mSahaV1,Pla2g2V2,-,Sarcophilus harrisii,Sarcophilus harrisii,Sarcophilus,Dasyuridae,Dasyuromorphia,5.300513,13.0133705,9.309149,16.371426,3.650487,-0.02295979,-0.7312186,0.39695022,,1.8164293,-8.010816,-1.8715525,-6.1826286,-2.0284116
bSecoE,Pla2g2E,-,Setophaga coronata coronata,Setophaga coronata,Setophaga,Parulidae,Passeriformes,4.7750144,11.5531845,10.494569,15.725607,2.7013483,1.0304589,-0.42984208,1.062441,,0.8647871,-15.872776,-4.264192,-7.4105186,1.9808737
bSecoD,Pla2g2D3,-,Setophaga coronata coronata,Setophaga coronata,Setophaga,Parulidae,Passeriformes,3.436845,15.676768,6.877972,17.317093,4.2204456,-0.030199261,0.1638426,0.41909266,,-16.040281,-3.9221241,3.954776,0.87107295,4.5824366
mSoarE,Pla2g2E,-,Sorex araneus,Sorex araneus,Sorex,Soricidae,Eulipotyphla,11.8011675,8.206145,12.215359,10.539919,2.8455207,2.0061872,0.24292001,0.65942335,,0.8648557,-26.646717,-1.4136467,-9.285814,9.040753
mSoarA2,Pla2g2A,+,Sorex araneus,Sorex araneus,Sorex,Soricidae,Eulipotyphla,6.756526,14.848207,8.931422,16.605824,6.0772386,-0.4495582,-0.2375067,-0.20029548,,0.43120125,1.5790111,-2.046302,0.7519802,-3.531013
mSoarA3,Pla2g2A,-,Sorex araneus,Sorex araneus,Sorex,Soricidae,Eulipotyphla,5.1565537,13.907248,9.289066,17.341349,4.0169845,-0.55903673,-0.58205074,0.5294709,,-0.43284813,-5.5541854,-3.2678678,-2.7681713,-3.2043245
mSoarV,Pla2g2V1,+,Sorex araneus,Sorex araneus,Sorex,Soricidae,Eulipotyphla,5.1141677,16.786749,6.8585606,17.60678,6.3375773,-0.325029,0.33923152,0.22212297,,-4.5082374,8.517031,4.550066,4.971688,0.74288
mSoarD,Pla2g2D1,-,Sorex araneus,Sorex araneus,Sorex,Soricidae,Eulipotyphla,7.520159,10.290437,11.705725,17.130747,5.4386253,-0.28648755,-0.17213014,0.022215275,,-7.5793476,2.1890476,4.5118117,-1.5330888,-1.1909332
mSoarF,Pla2g2F,+,Sorex araneus,Sorex araneus,Sorex,Soricidae,Eulipotyphla,11.795467,17.873476,8.832717,16.060795,11.376765,-1.130445,0.041017998,-0.6152457,,11.638258,21.00174,-1.237984,13.907418,-5.28469
mSoarC,Pla2g2C,-,Sorex araneus,Sorex araneus,Sorex,Soricidae,Eulipotyphla,9.531824,-6.583102,8.324608,-8.808764,2.5344772,2.1812403,0.4759505,-0.63857955,,-0.83300704,-38.48815,-0.38573933,-15.566556,5.5158997
bStocE,Pla2g2E,-,Strix occidentalis caurina,Strix occidentalis,Strix,Strigidae,Strigiformes,5.051845,11.25942,10.748055,15.582551,2.6644557,0.98150223,-0.41834965,0.95266867,,0.603447,-15.240694,-3.4139807,-7.35826,2.2292068
bStocB,Pla2g2B,-,Strix occidentalis caurina,Strix occidentalis,Strix,Strigidae,Strigiformes,-5.0934124,23.036781,-1.1700999,1.3381729,1.9180456,-1.443167,2.1541653,0.42574245,,-4.7621894,28.686945,7.602388,11.268917,-3.3047748
bStocD,Pla2g2D3,-,Strix occidentalis caurina,Strix occidentalis,Strix,Strigidae,Strigiformes,3.2352202,15.91753,6.931542,17.876505,4.444995,-0.22008438,-0.20642665,0.53372914,,-15.68907,-2.9126837,3.0561283,2.8317776,5.6190743
bStocC,Pla2g2C,-,Strix occidentalis caurina,Strix occidentalis,Strix,Strigidae,Strigiformes,15.315377,15.51826,7.7232127,13.330864,0.64748037,0.0010360108,-0.14077525,0.09215308,,-10.467623,-9.388387,3.6292434,-7.729745,0.95490795
sThbaF,Pla2g2F,-,Thermophis baileyi,Thermophis baileyi,Thermophis,Dipsadidae,Squamata,,,,,,,,,,,,,,
sThbaD,Pla2g2D1,+,Thermophis baileyi,Thermophis baileyi,Thermophis,Dipsadidae,Squamata,,,,,,,,,,,,,,
sThbaGc,Pla2g2Gc,+,Thermophis baileyi,Thermophis baileyi,Thermophis,Dipsadidae,Squamata,,,,,,,,,,,,,,
sThbaE,Pla2g2E,+,Thermophis baileyi,Thermophis baileyi,Thermophis,Dipsadidae,Squamata,,,,,,,,,,,,,,
mTrmaC,Pla2g2C,+,Trichechus manatus latirostris,Trichechus manatus,Trichechus,Trichechidae,Sirenia,8.954206,-5.1300893,7.1193347,-7.995341,2.3022487,3.5046332,0.44676244,-1.0272313,,-0.13372429,-41.79707,-0.4129071,-19.063108,5.344813
mTrmaF,Pla2g2F,-,Trichechus manatus latirostris,Trichechus manatus,Trichechus,Trichechidae,Sirenia,11.649554,17.552275,9.163068,15.984291,10.33608,-1.1254524,-0.0027863376,-0.52740115,,11.062136,20.119846,-3.0524333,12.696399,-5.053488
mTrmaD,Pla2g2D1,+,Trichechus manatus latirostris,Trichechus manatus,Trichechus,Trichechidae,Sirenia,6.5655494,10.361373,11.989541,16.300985,4.744078,0.23459129,-0.38767955,0.031802997,,-6.912312,-0.7172234,4.368345,-3.8060765,-0.16623637
mTrmaV,Pla2g2V1,-,Trichechus manatus latirostris,Trichechus manatus,Trichechus,Trichechidae,Sirenia,6.018214,16.616497,7.748841,18.02941,6.987688,-0.7316356,-0.13967654,0.028361436,,-0.7401809,9.043163,1.2526354,5.7361445,-0.19213851
mTrmaA2,Pla2g2A,+,Trichechus manatus latirostris,Trichechus manatus,Trichechus,Trichechidae,Sirenia,6.501812,13.7117195,9.729309,16.337965,5.2343936,-0.14382622,-0.31996036,0.26778743,,1.1025655,-2.0613089,-2.04602,-1.2856585,-0.60179263
mTrmaE,Pla2g2E,+,Trichechus manatus latirostris,Trichechus manatus,Trichechus,Trichechidae,Sirenia,11.259802,8.849168,12.21729,11.301706,3.3766959,1.2680209,0.24501084,0.27558526,,2.0856175,-24.69785,-0.9582794,-9.46461,6.422861
bUrpeC,Pla2g2C,+,Phalacrocorax,,Phalacrocorax,Phalacrocoracidae,Pelecaniformes,14.91622,14.91041,7.8432503,12.561336,0.76130503,0.34931663,0.064291686,0.1892306,,-10.906033,-10.894519,3.6279752,-9.1169815,2.1156747
bUrpeD,Pla2g2D3,+,Phalacrocorax,,Phalacrocorax,Phalacrocoracidae,Pelecaniformes,3.91931,15.985791,7.2610493,18.076141,4.5975666,-0.35676897,-0.3156916,0.4155247,,-17.51464,-1.7979136,1.5954297,2.0523112,5.272927
bUrpeB,Pla2g2B,+,Phalacrocorax,,Phalacrocorax,Phalacrocoracidae,Pelecaniformes,-5.4998155,23.173473,-1.3843361,1.4704976,1.7189053,-1.3504409,2.1912124,0.52310747,,-4.875273,27.891977,7.454537,10.32764,-3.5202286
mUrmaC,Pla2g2C,+,Ursus maritimus,Ursus maritimus,Ursus,Ursidae,Carnivora,9.325614,-6.005453,7.8289843,-8.032386,2.4551055,3.0416436,0.5445006,-0.77368325,,-0.34253126,-40.57681,-0.42735067,-17.782785,5.421802
mUrmaD,Pla2g2D1,+,Ursus maritimus,Ursus maritimus,Ursus,Ursidae,Carnivora,7.120986,9.34864,12.562745,16.738565,5.4975996,0.10101127,-0.059390474,-0.03176185,,-8.190675,0.53417623,6.0727515,-2.7486115,-0.4902066
mUrmaV,Pla2g2V1,-,Ursus maritimus,Ursus maritimus,Ursus,Ursidae,Carnivora,5.872781,16.696894,7.6740646,18.050882,6.5422235,-0.60694563,-0.036528666,0.068442576,,-1.8982242,8.472055,2.2515836,5.108904,0.25854024
sVibeEa,Pla2g2E,-,Vipera berus berus,Vipera berus,Vipera,Viperidae,Squamata,0.8124385,13.12812,3.795421,12.231483,3.1970673,-0.13801017,0.3817653,0.18467058,,-13.87546,7.5891547,9.483562,1.7666624,0.7582815
sVibeGa1,Pla2g2Ga,-,Vipera berus berus,Vipera berus,Vipera,Viperidae,Squamata,8.452065,13.857723,8.741555,14.8415165,6.099056,-0.32689086,-0.6205529,0.11380112,,8.363078,-0.008034909,-3.2649536,1.8966268,1.7088968
sVibeGa2,Pla2g2Ga,-,Vipera berus berus,Vipera berus,Vipera,Viperidae,Squamata,7.965348,13.726368,8.84665,15.150421,5.7869368,-0.32974252,-0.6343558,0.13934824,,7.814895,-0.4362893,-3.1750581,1.3092762,1.4129966
sVibeGa4,Pla2g2Ga,+,Vipera berus berus,Vipera berus,Vipera,Viperidae,Squamata,8.564952,14.042906,8.573957,14.768343,6.2910514,-0.5487067,-0.57797605,-0.053583674,,8.718308,0.33141112,-3.0917532,2.4175954,2.0041916
sVibeF,Pla2g2F,+,Vipera berus berus,Vipera berus,Vipera,Viperidae,Squamata,9.264083,19.593794,11.842917,17.530413,8.733259,-0.66522914,-0.15183663,-0.45464215,,-1.5820578,18.733036,0.5804649,4.953579,-8.726636
Xela,Pla2g2,-,Xenopus laevis,Xenopus laevis,Xenopus,Pipidae,Anura,7.8739586,16.286554,8.802728,16.989468,7.7134514,-0.74435323,0.0035541258,-0.025079202,50.349730253219604,3.2653165,9.397468,0.2551397,2.6561315,-0.9685233